District,Paddy_Kar,Paddy_Samba,Paddy_Navarai,Paddy_Total,Wheat_Kharif,Wheat_Rabi,Wheat_Total,Jowar_Kharif,Jowar_Rabi,Jowar_Total,Bajra_Kharif,Bajra_Rabi,Bajra_Total,Ragi_Kharif,Ragi_Rabi,Ragi_Total,Maize_Kharif,Maize_Rabi,Maize_Total,Korra_Kharif,Korra_Rabi,Korra_Total,Varagu_Kharif,Varagu_Rabi,Varagu_Total,Samai_Kharif,Samai_Rabi,Samai_Total,Kudhiraivali_Kharif,Kudhiraivali_Rabi,Kudhiraivali_Total,BengalGram_Kharif,BengalGram_Rabi,BengalGram_Total,Redgram_Kharif,Redgram_Rabi,Redgram_Total,Blackgram_Kharif,Blackgram_Rabi,Blackgram_Total,Greengram_Kharif,Greengram_Rabi,Greengram_Total,Horsegram_Kharif,Horsegram_Rabi,Horsegram_Total,Mochai_Kharif,Mochai_Rabi,Mochai_Total,Cowpea_Kharif,Cowpea_Rabi,Cowpea_Total,Avarai_Kharif,Avarai_Rabi,Avarai_Total,NariPayaru_Kharif,NariPayaru_Rabi,NariPayaru_Total,KalPayaru_Kharif,KalPayaru_Rabi,KalPayaru_Total,Peas_Kharif,Peas_Rabi,Peas_Total,Sugarcane_Planted,Sugarcane_Ratoon,Sugarcane_Total,Banana,Mango,Jackfruit,Pineapple,Guava,Grapes,Orange,Lemon,CashewNut,Potato_Kharif,Potato_Rabi,Potato_Total,Tapioca,SweetPotato,Onion_Kharif,Onion_Rabi,Onion_Total,Brinjal,LadyFinger,Cabbage,Tomato,Cotton_Total,Groundnut_Kharif,Groundnut_Rabi,Groundnut_Total,Gingelly_Kharif,Gingelly_Rabi,Gingelly_Total,Sunflower_Kharif,Sunflower_Rabi,Sunflower_Total,Tobacco
Chennai,13,66,19,98,0,0,0,0,0,0,0,0,0,0,0,0,0,0,0,0,0,0,0,0,0,0,0,0,0,0,0,0,0,0,0,0,0,0,0,0,0,0,0,0,0,0,0,0,0,0,0,0,0,0,0,0,0,0,0,0,0,0,0,0,0,0,0,60,70,0,0,0,0,0,0,8,0,0,0,0,0,0,0,0,0,1,0,0,0,0,0,0,0,0,0,0,0,0,0
Kancheepuram,11844,13653,29621,55117,0,0,0,0,1,1,0,0,0,5,7,11,1,12,13,0,0,0,0,0,0,0,0,0,0,3,3,0,0,0,3,2,5,171,236,407,14,179,194,0,0,0,0,0,0,0,0,0,0,0,0,0,0,0,0,0,0,0,0,0,369,78,447,127,967,4,0,102,0,0,13,53,0,0,0,0,0,0,0,0,115,94,0,2,0,303,500,803,97,158,255,0,0,0,0
Chengalpattu,12413,16044,30694,59151,0,0,0,1,1,1,5,0,5,60,19,79,2,2,4,0,0,0,1,6,7,0,0,0,0,0,0,0,0,0,0,0,0,263,931,1193,2,4,6,0,0,0,0,0,0,1,1,2,0,0,0,0,43,43,0,0,0,0,0,0,196,113,309,182,3237,58,0,161,0,0,40,239,0,0,0,2,0,0,0,1,220,299,0,21,27,468,4279,4748,378,482,860,0,0,0,0
Tiruvallur,25434,49780,29278,104492,0,0,0,0,0,0,259,30,289,22,197,218,4,7,11,0,0,0,0,0,0,0,0,0,0,0,0,0,0,0,1,3,4,136,728,864,199,6107,6306,0,2,2,0,0,0,0,0,0,0,0,0,0,0,0,0,0,0,0,0,0,2376,1829,4205,625,11464,18,0,383,0,0,39,142,0,0,0,23,47,2,16,18,443,405,0,30,0,1286,4681,5967,51,3133,3185,0,0,0,0
Cuddalore,38489,94790,13238,146517,0,0,0,19,0,19,5578,2,5580,38,12,50,23127,1022,24149,75,0,75,2128,12,2140,0,0,0,0,0,0,0,0,0,1,2,3,1384,36647,38031,327,13853,14180,0,0,0,0,0,0,50,0,50,0,0,0,0,0,0,0,0,0,0,0,0,5469,6700,12169,5582,504,774,0,1122,0,0,151,29261,0,0,0,4471,137,27,5,32,515,289,0,7,1874,1763,9241,11004,1471,3447,4918,23,0,23,0
Villupuram,10920,67381,23144,101445,0,0,0,3,2,5,9620,597,10217,194,139,333,772,642,1414,474,19,494,7,0,7,0,0,0,0,0,0,0,0,0,0,0,0,2029,33696,35725,107,477,584,1,0,1,1,0,1,0,0,0,1,10,11,33,5244,5277,0,0,0,0,8,8,3299,8943,12242,1437,2026,32,0,842,0,0,152,3181,0,0,0,1271,5,6,21,27,876,982,0,14,77,11742,11009,22751,629,1621,2249,0,0,0,0
Kallakurichi,8273,32047,15653,55972,0,0,0,0,0,0,15303,43,15346,45,102,147,18996,11454,30449,17,0,17,171,144,315,0,0,0,0,0,0,0,0,0,0,0,0,738,44623,45361,0,0,0,0,0,0,0,0,0,0,0,0,0,0,0,0,0,0,0,0,0,0,0,0,8875,14056,22931,691,309,67,0,142,0,0,12,966,0,0,0,19826,24,414,615,1030,985,853,0,645,3762,3913,3002,6915,858,6423,7281,0,0,0,0
Vellore,2675,2935,4561,10171,0,0,0,2630,29,2660,209,0,209,59,1133,1192,243,152,394,0,0,0,0,0,0,1140,0,1140,0,0,0,0,0,0,4482,0,4482,1510,1190,2699,660,8,669,0,3078,3078,877,0,877,793,15,808,1,0,1,0,0,0,0,0,0,0,0,0,735,425,1160,1689,5847,0,0,756,0,0,67,2,0,0,0,4,0,0,7,7,897,764,0,602,32,13779,1503,15282,56,15,71,0,0,0,0
Ranipet,17446,14151,20867,52464,0,0,0,41,1,41,31,1,32,231,575,806,0,0,1,0,0,0,0,0,0,0,0,0,0,0,0,0,0,0,1334,0,1334,1261,1035,2296,305,256,561,0,0,0,76,2,78,603,155,759,0,0,0,0,0,0,0,0,0,0,0,0,875,184,1059,962,1121,8,0,146,0,1,57,16,0,0,0,5,3,4,2,6,904,936,0,49,12,7697,2161,9859,89,165,254,0,0,0,0
Tirupathur,2352,3760,2129,8242,0,0,0,1971,366,2337,1670,13,1683,1297,1980,3277,991,112,1103,5,0,5,0,0,0,1756,0,1756,0,0,0,0,0,0,6780,1,6781,915,172,1087,217,18,235,0,9452,9452,340,0,340,1007,98,1105,3,0,3,0,0,0,0,0,0,0,0,0,253,212,465,1453,5883,37,0,359,0,0,82,0,0,0,0,55,5,64,61,125,918,1117,0,1581,2876,13675,411,14087,85,4,89,5,0,5,0
Tiruvannamalai,38103,73883,73109,185095,0,0,0,3,0,3,2144,73,2217,187,1611,1798,1511,2805,4316,0,0,0,0,0,0,4978,0,4978,0,0,0,0,0,0,1514,1101,2615,8522,19508,28030,352,534,886,1,4265,4266,1,10,11,717,520,1236,69,18,87,6,131,137,0,0,0,0,0,0,1636,10071,11707,2737,1679,62,0,245,0,0,135,12,0,0,0,5611,45,17,67,84,1805,1648,6,760,624,28231,24223,52454,175,1090,1265,0,0,0,0
Salem,1308,16275,6306,23889,0,0,0,33291,22577,55869,846,34,880,2684,2445,5129,37553,13963,51516,168,0,168,60,2,62,740,22,762,40,34,74,0,10,10,3468,74,3542,2603,2012,4615,7162,1144,8306,504,2637,3140,3394,3486,6879,13881,2984,16864,526,244,770,543,829,1372,0,0,0,688,737,1425,2161,3418,5578,3430,6047,153,7,306,0,9,180,101,0,0,0,17227,7,1135,907,2042,2109,2776,159,3725,4580,15660,4060,19720,527,959,1486,0,0,0,116
Namakkal,736,8421,1234,10392,0,0,0,34305,38300,72604,59,9,67,320,33,353,8453,6509,14962,51,0,51,0,0,0,150,51,201,0,0,0,0,2,2,946,38,984,820,2322,3142,2755,737,3492,159,882,1041,337,37,374,447,309,756,3,0,3,582,532,1114,0,0,0,2,0,2,2643,8276,10919,2672,2629,259,634,195,1,13,157,45,0,0,0,19647,2,1842,2677,4518,384,314,28,614,1889,25261,3905,29167,278,1049,1327,2,0,2,0
Dharmapuri,892,15896,10848,27636,0,0,0,28300,556,28855,181,2,183,9781,3170,12951,4406,1697,6102,182,0,182,12,0,12,4681,0,4681,0,0,0,118,2007,2125,15548,22,15570,5969,1428,7397,1944,59,2003,0,15900,15900,8133,17,8150,12460,768,13228,0,0,0,0,0,0,0,0,0,62,44,106,1576,1098,2674,1726,12467,29,0,369,1,3,96,0,0,0,0,14774,79,1290,453,1743,3488,3721,120,12216,3079,15078,3078,18155,208,0,208,0,0,0,0
Krishnagiri,6224,14670,9914,30808,0,0,0,2236,5,2241,348,0,348,30475,4282,34757,1594,142,1736,0,0,0,0,0,0,214,0,214,0,20,20,0,0,0,14536,0,14536,2174,943,3117,587,49,636,25,19637,19662,8279,48,8327,7561,600,8161,357,2,359,0,101,101,0,0,0,0,0,0,107,48,155,865,32087,24,0,215,26,1,71,6,0,618,618,607,24,4,26,30,1557,1015,3407,10278,477,13630,1584,15214,678,2,680,4,0,4,0
Coimbatore,135,459,449,1042,0,2,2,7386,11192,18578,128,28,156,0,4,4,635,1971,2606,0,0,0,0,0,0,0,0,0,0,0,0,0,836,836,109,59,168,50,223,273,71,122,192,367,1037,1404,10,27,36,461,802,1262,252,567,819,0,7,7,0,0,0,0,0,0,201,176,376,9397,2476,38,0,136,14,4,124,28,3,0,3,671,0,1033,209,1242,357,426,35,1876,266,1474,264,1738,138,29,167,0,3,3,3
Tiruppur,430,8140,1683,10253,0,0,0,2736,27793,30529,90,196,286,0,1,1,2324,18379,20704,0,0,0,0,0,0,0,0,0,0,0,0,9,454,463,5,59,64,107,1405,1512,27,1006,1033,108,8117,8226,11,480,491,32,1064,1095,2,1,3,58,1744,1802,0,0,0,0,0,0,1044,1254,2298,3391,1655,23,0,154,1,0,107,36,0,0,0,1121,0,1425,1468,2893,224,142,5,2015,501,5153,1720,6872,8,292,300,1,0,1,155
Erode,805,22661,6271,29736,0,0,0,1,0,1,91,51,141,2673,2,2675,11673,3800,15473,0,0,0,33,0,33,15,0,15,0,0,0,21,0,21,1412,66,1478,1021,380,1400,428,28,456,142,1051,1192,0,0,0,652,94,746,334,1,335,22,54,76,0,0,0,0,0,0,5529,13454,18983,22140,812,37,0,155,1,5,148,11,859,70,929,6801,1,1171,1031,2201,244,325,419,389,628,14878,2546,17424,344,3243,3586,3,0,3,1888
Tiruchirappalli,6515,54037,7379,67931,0,0,0,14746,9495,24241,47,17,64,1,3,5,17515,4790,22306,2,0,2,1,1,3,0,0,0,0,2,2,0,5,5,791,315,1106,422,4005,4427,9,894,903,7,232,239,27,38,65,57,179,236,1,0,1,25,27,53,0,0,0,0,5,5,713,694,1407,5769,2070,56,1,435,2,2,1001,760,0,0,0,4206,4,2524,3627,6151,501,343,0,308,6970,3741,2073,5813,114,2342,2456,145,7,152,0
Karur,218,13416,1088,14722,0,0,0,4760,16414,21174,153,279,432,3,2,5,234,484,718,0,0,0,0,0,0,0,0,0,0,0,0,0,0,0,1691,164,1855,283,2314,2597,5,426,431,220,5342,5562,0,0,0,12,463,474,0,0,0,45,2804,2849,0,0,0,0,0,0,592,554,1145,2776,910,19,0,198,0,1,75,7,0,0,0,1974,63,310,274,584,297,287,0,147,420,921,2341,3262,3072,1245,4317,142,216,358,2
Perambalur,308,6399,1534,8241,0,0,0,53,6,58,131,34,165,5,0,5,68276,7417,75693,0,0,0,117,5,122,0,0,0,2,0,2,0,0,0,585,15,600,206,237,443,0,0,0,0,0,0,1,0,1,1,0,1,0,0,0,0,0,0,0,0,0,0,0,0,1526,1104,2630,330,177,2,0,59,1,0,310,5,0,0,0,1947,1,2725,4660,7385,70,27,1,94,5068,644,1026,1670,94,779,873,0,4,4,0
Ariyalur,4951,20662,926,26540,0,0,0,23,50,73,1146,14,1160,7,6,13,10397,13825,24222,0,0,0,69,2,71,0,0,0,0,0,0,0,0,0,90,25,115,221,7021,7242,1,5,6,0,0,0,0,0,0,2,0,2,0,0,0,8,2,10,0,0,0,0,0,0,1035,1451,2486,217,522,130,0,45,0,0,79,30437,0,0,0,735,0,61,64,125,275,150,0,127,2219,4290,8875,13164,1100,3131,4231,0,0,0,0
Pudukkottai,7455,81380,5338,94173,0,0,0,14,72,86,13,4,18,33,25,59,1294,700,1994,0,1,1,2,0,2,0,0,0,2,3,5,0,7,7,155,123,278,1203,3354,4557,7,2,10,7,23,30,0,0,0,149,90,239,0,0,0,0,0,0,0,0,0,0,0,0,953,661,1614,1724,1215,244,0,148,0,1,457,5725,0,0,0,950,37,15,30,45,338,248,0,6,295,5029,5547,10576,755,1690,2445,0,1,1,0
Thanjavur,64524,126690,18318,209532,0,0,0,4,9,13,4,0,4,3,24,27,398,325,723,0,0,0,0,0,0,0,0,0,0,0,0,0,5,5,1,0,1,3310,12645,15955,32,217,249,0,0,0,0,0,0,0,0,0,0,0,0,0,0,0,0,0,0,0,0,0,1794,239,2034,3970,748,72,0,220,0,0,67,1235,0,0,0,734,0,16,6,22,268,200,0,1,2103,882,6454,7336,1206,4332,5538,0,0,0,0
Tiruvarur,39963,143942,12047,195952,0,0,0,0,0,0,0,0,0,0,0,0,0,16,16,0,0,0,0,0,0,0,0,0,0,0,0,0,0,0,0,0,0,1222,5790,7012,10,22973,22983,0,0,0,0,0,0,0,0,0,0,0,0,0,0,0,0,0,0,0,0,0,120,25,145,425,270,38,1,79,0,0,82,9,0,0,0,108,5,0,0,0,166,141,0,0,17723,346,2325,2670,423,20697,21120,0,0,0,0
Nagapattinam,1719,64479,1802,67999,0,0,0,0,0,0,0,0,0,0,4,5,0,0,0,0,0,0,0,0,0,0,0,0,0,0,0,0,0,0,0,0,0,2,1981,1983,9,26082,26091,0,0,0,0,0,0,0,0,0,0,0,0,0,0,0,0,0,0,0,0,0,1,0,1,73,2630,3,0,12,0,0,21,800,0,0,0,1,0,0,0,0,87,50,0,0,3585,0,1626,1626,1,3813,3814,0,0,0,36
Mayiladuthurai,39208,68881,42,108130,0,0,0,0,0,0,3,0,3,0,2,2,24,9,33,0,0,0,0,0,0,0,0,0,0,0,0,0,0,0,0,0,0,9,23503,23512,0,24615,24615,0,0,0,0,0,0,0,0,0,0,0,0,0,0,0,0,0,0,0,0,0,147,313,460,513,495,9,0,10,0,1,19,651,0,0,0,98,0,0,0,0,63,46,0,0,5387,30,1061,1091,72,631,703,0,0,0,0
Madurai,4129,40045,14445,58619,0,0,0,5433,2432,7865,267,100,367,20,21,41,14301,8146,22447,4,0,4,251,387,638,0,0,0,836,752,1588,15,4,19,1368,221,1589,715,217,933,1584,176,1760,10,18,28,341,311,651,483,547,1029,0,0,0,0,0,0,0,0,0,0,0,0,1211,438,1649,3345,5536,19,4,1797,1,3,379,106,0,0,0,25,40,127,156,283,320,536,0,103,4252,813,1138,1951,185,154,339,4,6,10,0
Theni,5631,5271,2805,13706,0,0,0,1005,4272,5277,100,944,1044,5,19,25,2178,5085,7263,0,0,0,0,0,0,0,16,16,2,6,8,0,0,0,614,194,808,146,502,648,174,232,406,57,640,698,942,1971,2912,789,2138,2927,74,6,80,0,0,0,0,0,0,24,0,24,494,1845,2340,6698,9137,94,0,453,1716,25,700,2763,0,0,0,130,0,716,518,1234,321,254,58,1371,2112,561,904,1465,232,390,622,3,0,3,0
Dindigul,1425,7023,5785,14234,0,0,0,3706,36997,40703,101,167,269,2,0,2,4433,29860,34293,0,0,0,1,1,1,0,1,1,0,0,1,0,31,31,326,190,516,202,5016,5218,25,320,345,143,2909,3053,299,1813,2112,888,2379,3267,12,3,15,0,188,188,0,9,9,0,0,0,337,1017,1354,4444,15849,470,1,2184,340,802,2281,279,1876,894,2770,638,18,1233,1986,3219,784,444,84,2377,2028,1138,2724,3862,141,66,207,3,73,76,387
Ramanathapuram,0,142811,38,142849,0,0,0,40,3439,3479,0,780,780,0,80,80,9,367,376,0,1,1,0,7,7,0,3,3,0,733,733,,,,,,,,,,,,,,,,,,,,,,,,,,,,,,,,,,171,113,284,172,297,3,0,83,0,0,28,83,0,0,0,2,1,0,404,404,46,39,0,10,8079,0,1908,1908,0,726,726,0,213,213,0
Virudhunagar,1247,23031,6317,30594,0,0,0,1779,9220,10999,18,1751,1769,0,12,13,347,37922,38269,0,5,5,12,257,269,0,0,0,70,1439,1509,5,2,6,337,381,717,527,3515,4042,427,976,1403,0,8,8,33,41,75,4,45,49,1,2,3,0,0,0,0,1,1,0,0,0,401,627,1029,1579,3632,36,0,1289,0,9,849,20,0,0,0,8,11,284,1548,1832,183,103,0,105,14031,561,1843,2404,413,1326,1739,2,3114,3116,0
Sivagangai,1042,79202,1929,82173,0,0,0,28,30,58,2,1,3,66,125,191,15,33,48,0,0,0,1,14,15,0,0,0,16,79,96,0,0,0,2,6,8,221,823,1044,5,0,5,0,87,87,10,0,10,79,85,164,0,0,0,0,0,0,0,0,0,0,0,0,1325,1890,3216,1489,2442,51,0,229,0,0,161,1786,0,0,0,146,4,20,45,65,112,85,0,14,656,1146,764,1910,40,179,219,0,0,0,0
Tirunelveli,11851,18869,10627,41347,0,0,0,288,30,317,28,62,90,3,21,24,27,906,933,0,0,0,0,0,0,0,0,0,8,0,9,0,0,0,1,1,2,1786,8307,10093,2,67,69,0,1,1,0,0,0,3,34,37,0,0,0,0,0,0,0,0,0,1,0,1,22,0,22,5887,1761,15,0,328,2,4,330,772,0,0,0,21,44,40,10,50,133,109,0,69,690,265,402,667,76,62,138,5,0,5,0
Tenkasi,8378,21284,14807,44469,0,0,0,4534,6,4540,124,5,130,2,1,3,1396,18079,19474,0,0,0,0,0,0,0,0,0,0,109,109,0,0,0,0,0,0,668,27977,28646,8,855,863,0,0,0,3,0,3,5,11,16,1,0,1,0,0,0,0,0,0,0,0,0,523,866,1389,1410,3878,47,0,352,2,1,3163,1181,0,0,0,30,0,1063,84,1147,170,190,2,314,1959,802,110,913,466,224,690,46,10,56,0
Thoothukudi,1135,1101,10429,12665,0,0,0,6,5943,5949,12,7913,7925,0,1,1,20,61636,61656,0,16,16,0,0,0,0,0,0,0,9,9,0,0,0,0,7,7,1406,56021,57427,34,10325,10359,0,0,0,0,0,0,0,25,25.33,0,4,4,0,0,0,0,0,0,0,0,0,3,1,4,8776,655,5,0,473,0,1,844,411,0,0,0,3,3,21,5481,5503,102,101,0,44,4080,269,778,1047,128,115,243,40,2407,2447,0
The Nilgiris,0,82,0,82,6,0,6,0,0,0,0,0,0,0,0,0,2,1,3,0,0,0,0,0,0,0,0,0,0,0,0,0,0,0,0,0,0,0,0,0,0,0,0,0,0,0,0,0,0,0,0,0,0,0,0,0,0,0,0,0,0,0,0,0,0,0,0,681,18,68,0,13,0,59,14,0,560,359,919,16,0,1,1,2,1,0,439,1,0,0,0,0,0,0,0,0,0,0,0
Kanniyakumari,5577,5627,73,11277,0,0,0,0,0,0,0,0,0,0,0,0,0,0,1,0,0,0,0,0,0,0,0,0,0,0,0,0,0,0,0,0,0,175,277,451,0,0,1,0,0,0,0,0,0,0,0,0.5,0,0,0,0,0,0,0,0,0,0,0,0,0,0,0,4858,1138,588,294,34,0,3,13,766,0,0,0,989,0,0,0,0,11,26,0,6,0,9,3,12,2,0,2,0,0,0,0
