District,Rice_Kar,Rice_Samba,Rice_Navarai,Rice_Total,Maize_Kharif,Maize_Rabi,Maize_Total,Jowar_Kharif,Jowar_Rabi,Jowar_Total,Bajra_Rabi,Bajra_Total,Bajra_Kharif,Ragi_Kharif,Ragi_Rabi,Ragi_Total,Korra,Varagu_Kharif,Varagu_Rabi,Varagu_Total,Samai_Kharif,Samai_Total,OtherCereals_Kharif,OtherCereals_Rabi,OtherCereals_Total,TOTAL_CEREALS,Samai_Rabi,Redgram_Kharif,Redgram_Rabi,Redgram_Total,Greengram_Kharif,Greengram_Rabi,Greengram_Total,Blackgram_Kharif,Blackgram_Rabi,Blackgram_Total,Horsegram_Kharif,Horsegram_Rabi,Horsegram_Total,BengalGram,Cowpea_Kharif,Cowpea_Rabi,Cowpea_Total,OtherPulses_Kharif,OtherPulses_Rabi,OtherPulses_Total,TOTAL_PULSES,TOTAL_FOODGRAINS,Sugarcane_tonnes,Arecanut,Chillies,Cloves,Garlic,Pepper,Ginger,Turmeric,Coriander,Cardamom,Tamarind,Tapioca,SweetPotato,Potato_Kharif,Potato_Rabi,Potato_Total,Onion_Kharif,Onion_Rabi,Onion_Total,Brinjal,LadyFinger,Cabbage,Tomato,Banana,Mango,Lemon,Orange,CashewNut,Jackfruit,Pineapple,Guava,Grapes,Groundnut_Kharif,Groundnut_Rabi,Groundnut_Total,Gingelly_Kharif,Gingelly_Rabi,Gingelly_Total,Sunflower_Kharif,Sunflower_Rabi,Sunflower_Total,Rapeseed_Mustard,Castor,Cotton_Kharif_bales,Cotton_Rabi_bales,Cotton_Total_bales,Tobacco,Coconut_lakh_nuts
Chennai,49,198,73,320,0,0,0,0,0,0,0,0,,0,0,0,0,0,0,0,0,0,0,0,0,320,,0,0,0,0,0,0,0,0,0,0,0,0,0,0,0,0,0,0,0,0,320,4,0,0,0,0,0,0,0,0,0,0,0,0,0,0,0,0,0,0,5,7,0,0,2362,409,0,0,3,0,0,0,0,0,0,0,0,0,0,0,0,0,0,0,0,0,0,0,122
Kancheepuram,49009,35660,122237,206906,5,61,66,0,1,1,0,1,1,19,46,65,0,0,0,0,0,0,0,4,4,207043,,3,2,5,8,44,53,91,108,198,0,0,0,0,0,0,0,0,0,2,258,207300,45641,0,42,0,0,0,0,2,0,0,94,6,0,0,0,0,0,0,0,1518,1066,0,42,5025,1034,84,0,20,81,0,724,0,600,1082,1682,64,65,129,0,0,0,0,0,0,0,0,0,54
Chengalpattu,49977,57786,120871,228635,14,10,25,1,1,2,0,14,14,235,132,367,0,2,9,10,0,0,0,0,0,229052,,0,0,0,1,1,2,139,424,564,0,0,0,0,1,0,1,0,25,33,600,229652,21086,0,105,0,0,0,0,23,0,0,33,60,0,0,0,0,3,1,4,2914,3402,0,404,7204,24470,262,0,87,164,4,1139,0,1311,18889,20200,126,199,326,0,0,0,0,0,45,0,45,0,350
Tiruvallur,101582,155517,115127,372227,25,35,60,0,0,0,48,736,688,85,1367,1452,0,0,0,0,0,0,0,0,0,374474,,1,3,4,112,5478,5590,72,332,404,0,2,2,0,0,0,0,0,2066,0,6000,380473,387619,0,572,0,0,0,2,81,1,0,14,914,359,0,0,0,20,120,140,4112,2152,0,599,24819,32818,256,1,52,361,0,989,0,2534,18992,21526,25,1298,1323,0,0,0,0,0,0,0,0,0,122
Cuddalore,141645,212605,50074,404324,41989,5194,47183,24,0,24,4,19597,19593,149,86,234,35,2689,16,2704,0,0,0,0,0,474101,,1,2,3,184,3340,3524,734,12109,12844,0,0,0,0,30,0,30,0,1721,2,16403,490504,1159840,5,165,0,0,2,2,993,0,0,405,95412,1092,0,0,0,283,34,317,5539,3283,0,131,261612,2953,987,1,9972,12521,2,3456,0,6673,37991,44664,490,1874,2363,45,0,45,0,1,958,1755,2712,0,494
Villupuram,38587,200667,78822,318076,4574,3264,7838,3,2,6,953,30117,29164,760,711,1471,232,9,0,9,0,0,0,0,0,357749,,0,0,0,60,118,179,1554,28152,29706,0,0,0,0,0,0,0,20,3078,7551,37436,395185,1064918,0,1036,0,0,0,0,24,0,0,278,36703,88,0,0,0,68,153,221,15695,13689,0,277,24775,3716,994,0,1899,638,0,4730,0,24426,38429,62855,306,1178,1484,0,0,0,0,0,36,126,162,0,219
Kallakurichi,33285,121530,59820,214635,145219,94880,240099,0,0,0,69,32813,32744,176,710,886,8,262,221,483,0,0,0,0,0,488924,,0,0,0,0,0,0,391,24168,24559,0,0,0,0,0,0,0,0,2829,0,24559,513483,2484154,894,380,0,0,39,0,7558,9,0,38,1089412,262,0,0,0,2129,3674,5803,14540,17500,0,12691,27419,1812,79,0,604,1347,0,1002,0,10159,7153,17312,418,5244,5662,0,0,0,0,10,4094,1380,5474,0,228
Vellore,9869,8828,14529,33226,1437,771,2208,4515,33,4548,0,637,637,229,8184,8414,0,0,0,0,1635,1635,0,0,0,50668,,4448,0,4448,276,2,278,1161,542,1703,0,2341,2341,0,273,8,282,514,1141,694,9746,60414,104959,1,293,0,0,1,0,815,0,0,313,145,0,0,0,0,2,53,55,8736,3971,0,11831,73978,23387,438,0,1,8,0,890,0,29263,4813,34076,27,6,33,0,0,0,0,5,96,2,98,0,1250
Ranipet,71260,40395,79830,191485,1,2,3,52,1,53,2,115,113,906,3989,4894,0,0,0,0,0,0,0,0,0,196551,,1007,0,1007,172,63,235,585,472,1057,0,0,0,0,212,85,297,45,1,53,2650,199201,102673,0,543,0,0,0,0,862,0,0,23,215,64,0,0,0,42,15,57,5348,10082,0,971,56305,6566,371,4,6,152,0,1032,0,14440,5228,19669,43,68,111,0,0,0,0,0,17,5,21,0,182
Tirupathur,8678,15618,8249,32545,5869,568,6437,2660,420,3079,21,5042,5021,4958,14606,19564,2,0,0,0,1995,1995,0,0,0,68664,,7119,1,7120,107,4,111,592,79,671,0,6608,6608,0,608,54,662,201,1558,288,15461,84125,41190,30,318,0,0,1,47,338,36,0,981,2210,97,0,0,0,674,442,1116,8504,6604,0,34303,35486,13607,539,0,0,748,0,347,8,21464,1317,22782,42,2,43,10,0,10,0,37,4504,27,4531,0,1644
Tiruvannamalai,145891,228593,315257,689741,8948,14262,23210,4,0,4,117,5388,5271,735,6863,7597,0,0,0,0,6244,6244,0,0,0,732185,,1966,1428,3394,198,133,331,2791,15670,18462,1,2370,2371,0,433,370,802,45,1685,298,25658,757843,1186289,130,2752,0,0,26,0,1133,3,1,431,256177,636,0,0,0,177,491,668,19090,16814,430,14944,65202,6258,882,0,4,1245,0,1734,0,51117,54085,105202,114,846,960,0,0,0,0,0,11,1384,1395,0,244
Salem,4825,62894,31452,99171,312356,100308,412664,39367,24669,64036,135,2379,2244,8470,17998,26468,79,79,3,82,1077,1109,1115,48,1163,607152,32,3536,76,3612,4476,284,4759,2020,917,2937,292,1527,1818,9,8768,1899,10667,3013,1657,6540,30344,637496,507723,6181,147,76,0,285,93,24706,9,4,531,699672,133,0,0,0,7758,7093,14851,20587,36575,11384,61069,92697,19296,1174,35,37,1499,268,524,8,30837,11983,42820,295,814,1109,0,0,0,0,145,6445,4618,11062,176,1418
Namakkal,2715,33030,4782,40528,50067,40333,90400,31868,34050,65917,14,169,155,1137,229,1366,24,0,0,0,193,267,0,0,0,198671,74,961,39,1000,1872,183,2055,435,1058,1494,96,626,722,2,270,169,439,540,2473,928,6639,205310,1427891,3687,127,40,0,504,186,13052,1,10,597,668690,39,0,0,0,20070,30561,50631,5630,3570,1986,12071,114242,39325,1028,53,16,2570,20311,1382,42,50472,12974,63446,135,1036,1171,4,0,4,0,470,2912,1523,4436,0,1405
Dharmapuri,3291,62579,46173,112042,29598,8625,38223,55282,637,55919,3,483,480,33294,24848,58142,86,16,0,16,6218,6218,0,0,0,271129,,14879,21,14899,1271,15,1286,3030,651,3681,0,14583,14583,1968,7968,421,8389,4794,1794,5998,50803,321933,298196,4849,804,0,0,13,0,50116,116,0,1954,439273,3063,0,0,0,15068,3313,18381,64144,46960,8591,264202,68507,39791,624,12,0,582,0,2133,42,26072,9288,35360,113,0,113,0,0,0,0,116,5735,275,6010,0,835
Krishnagiri,28810,44155,39178,112143,12281,724,13005,3028,6,3034,0,922,922,127222,29252,156474,0,0,0,0,195,195,0,28,28,285802,,16644,0,16644,331,12,343,1154,430,1583,20,15672,15692,0,4722,329,5051,5052,1347,5246,44560,330362,15505,61,0,0,0,1,0,3984,0,0,3196,24419,464,0,19739,19739,40,188,228,17107,6682,256417,231451,34317,148667,461,4,2,473,0,1523,388,28675,4248,32924,522,1,522,8,0,8,55,313,728,0,728,0,2101
Coimbatore,496,1381,1738,3615,3760,10022,13782,7422,11008,18431,40,378,339,2,27,29,0,0,0,0,0,0,0,0,0,36235,,111,61,171,40,30,70,26,102,128,268,757,1025,775,184,296,480,148,1781,586,3235,39470,38018,5882,16,0,0,34,129,3275,9,67,1863,34441,0,50,0,50,19759,1525,21284,4718,9412,2528,36074,366823,7410,810,14,10,755,0,962,127,3753,846,4598,67,12,79,0,3,3,0,3,333,149,482,5,12170
Tiruppur,1586,36606,6520,44712,20675,146170,166845,1583,16128,17711,313,551,238,0,7,7,0,0,0,0,0,0,0,0,0,229826,,6,60,66,15,588,603,57,640,697,37,2768,2805,429,19,277,296,42,1132,1806,6702,236528,248731,212,106,0,0,1,0,1728,44,0,930,68719,2,0,0,0,17140,19887,37027,2961,1614,389,35505,77679,4891,702,0,13,468,0,1091,23,9724,5458,15182,4,121,125,2,0,2,0,3,192,1383,1576,236,10995
Erode,2969,92222,24294,119485,90813,36748,127562,2,0,2,81,322,241,10151,14,10165,0,44,0,44,19,19,0,0,0,257598,,1839,85,1924,241,7,248,542,173,715,85,746,832,19,394,52,446,208,2041,287,4471,262068,2147438,4148,139,0,717,17,1528,31706,0,1,526,309936,21,22727,1911,24638,7289,10916,18205,3224,4399,18342,7646,841642,4755,967,21,4,738,0,1099,27,26466,7443,33909,167,2990,3157,6,0,6,0,45,226,1116,1341,2879,2549
Tiruchirappalli,27998,202812,29278,260087,99076,24354,123431,15499,22530,38030,28,152,125,6,24,29,1,2,2,4,0,0,0,3,3,421737,,587,233,820,5,222,227,224,3336,3560,4,165,169,5,34,98,133,31,3552,66,4979,426716,129578,561,292,0,0,3,0,1106,3,0,1837,139282,69,0,0,0,24648,32551,57199,6623,3898,0,6060,211177,32969,16512,7,660,1123,21,8166,75,8642,6247,14889,56,2129,2184,295,6,301,0,97,8480,2960,11440,0,759
Karur,803,49485,4213,54501,1386,2460,3846,7887,23392,31280,277,684,407,10,14,24,0,0,0,0,0,0,0,0,0,90334,,752,73,825,3,106,108,150,1054,1205,127,3073,3199,0,7,254,261,26,1022,1606,7205,97539,121803,26,254,0,0,0,0,307,0,0,211,101790,1019,0,0,0,1075,2005,3080,3922,3263,0,2890,135291,5326,492,5,2,384,0,1398,0,1813,7473,9286,1555,516,2071,275,346,620,0,12,238,626,864,2,406
Perambalur,1137,25475,5941,32553,385263,37709,422972,68,6,74,55,401,346,20,0,20,0,194,8,202,0,0,3,0,3,456225,,970,25,995,0,0,0,110,108,217,0,0,0,0,0,0,0,1,2307,0,1213,457437,237502,180,113,0,0,0,0,2535,8,0,272,66624,23,0,0,0,26782,33854,60636,926,303,43,1848,13098,1036,8637,0,2,40,0,418,56,1268,3146,4414,46,323,368,0,4,4,0,49,9900,32,9933,0,70
Ariyalur,18301,72017,3587,93905,43986,70287,114273,30,57,87,22,2308,2286,26,44,70,0,131,4,135,0,0,0,1,1,210777,,92,25,117,1,1,2,117,4308,4425,0,,0,0,1,0,1,5,1951,74,4619,215397,201171,18,247,0,0,1,0,54,17,0,730,29603,5,0,0,0,641,467,1108,3642,1710,14,2496,8623,3054,514,1,12805,620,0,315,0,11502,36977,48480,770,1297,2067,0,0,0,0,11,3083,1126,4210,0,50
Pudukkottai,23424,268481,18274,310179,7666,3557,11223,18,83,101,7,42,35,131,176,308,1,3,0,3,0,0,3,5,7,321863,,161,128,289,4,1,5,638,1528,2167,4,16,20,6,90,49,139,0,1907,6,2633,324496,173159,25,143,0,6,3,0,46,0,0,450,39063,1329,0,0,0,155,218,373,4476,2820,0,113,96801,7116,4475,3,1446,10234,8,1044,8,11567,20020,31587,367,534,901,0,1,1,0,0,64,581,646,0,1945
Thanjavur,211073,388818,65632,665523,2356,1654,4010,5,11,15,0,12,12,11,168,179,0,0,0,0,0,0,0,0,0,669739,,1,0,1,18,86,104,2127,6601,8728,0,0,0,5,0,0,0,0,1437,0,8839,678577,164552,57,68,1,0,21,256,66,0,0,305,40196,0,0,0,0,171,41,212,3546,2272,0,26,172692,4382,440,2,293,1451,0,1555,0,1736,22007,23744,437,1647,2084,0,0,0,0,0,358,4282,4640,0,3607
Tiruvarur,127180,445068,45533,617781,0,81,81,0,0,0,0,0,,0,,0,0,0,0,0,0,0,0,0,0,617862,,0,0,0,6,4012,4017,649,1570,2219,0,0,0,0,0,0,0,0,1152,0,6236,624099,14699,21,24,0,0,1,0,33,0,0,310,4348,97,0,0,0,0,0,0,2195,1600,0,0,16863,1580,537,0,3,754,41,562,0,681,10026,10707,206,1228,1433,0,0,0,0,0,7,46922,46929,0,1031
Nagapattinam,5078,165491,6980,177549,1,0,1,0,0,0,0,0,,1,31,31,0,0,0,0,0,0,0,0,0,177581,,0,0,0,5,4457,4462,1,577,578,0,0,0,0,0,0,0,0,0,0,5041,182621,57,0,21,0,0,0,0,0,0,0,404,55,0,0,0,0,0,0,0,1145,570,0,0,2905,7805,140,0,208,56,0,83,0,,5208,5208,0,1579,1580,0,0,0,0,0,0,9454,9454,55,280
Mayiladuthurai,146217,186391,161,332769,145,44,189,0,0,0,0,7,7,0,12,12,0,0,0,0,0,0,0,0,0,332977,,0,0,0,0,5603,5603,5,4235,4240,0,0,0,0,0,0,0,0,1033,0,9843,342820,46230,2,9,0,0,0,35,7,0,0,196,3938,0,0,0,0,0,0,0,838,527,0,0,20358,2901,127,4,424,178,0,68,0,59,4484,4544,35,261,296,0,0,0,0,0,60,13580,13640,0,96
Madurai,15233,132864,44537,192634,63912,41414,105327,7746,4311,12057,278,835,557,77,148,225,2,344,531,875,0,0,1183,1064,2247,314202,,613,99,713,174,44,218,380,99,479,6,13,19,18,104,117,221,199,1141,481,2148,316349,166612,1,649,0,0,0,0,25,3,0,3306,991,1154,0,0,0,1338,1142,2480,4230,3194,2,2034,198473,151637,3697,12,39,372,153,23381,30,1248,3645,4893,90,64,154,8,5,13,0,8,2815,2212,5027,0,1377
Theni,26572,21344,10865,58781,12902,25850,38753,2910,20726,23636,2465,2731,266,21,135,155,0,0,0,0,0,23,2,9,11,124091,23,586,185,771,138,102,240,77,229,306,35,455,489,0,324,1308,1631,608,1080,2067,5505,129596,191656,66,1,21,0,43,0,1,1,145,4450,5242,4,0,0,0,6339,4927,11266,5918,2886,4185,17478,522261,58243,1352,100,978,1886,0,4018,81136,1552,2896,4448,138,161,299,5,0,5,0,49,2098,7548,9645,0,4185
Dindigul,5258,22732,20514,48504,26257,200708,226965,3209,28990,32199,117,385,268,9,0,9,0,1,1,2,0,1,1,0,1,308066,1,331,195,526,14,200,214,107,3597,3705,82,1671,1753,29,346,1456,1802,182,1562,1321,9349,317415,96148,133,1656,5,5974,481,219,48,8,45,9603,25685,346,23349,21050,44399,10699,17504,28203,16472,3233,6031,16774,60736,48786,4076,3361,191,5826,21,19838,5480,2007,9621,11628,69,27,96,6,81,87,1,1,237,6899,7136,590,4254
Ramanathapuram,0,280700,146,280846,54,1865,1919,52,3167,3219,986,986,,0,553,553,0,0,10,10,0,4,0,1038,1038,288576,4,0,0,0,0,25,25,,1587,1587,0,1,1,0,0,87,87,0,0,1,1701,290277,29092,0,4379,0,0,0,0,17,240,0,418,64,25,0,0,0,0,2003,2003,607,439,0,203,6811,1737,181,0,30,52,0,586,8,,2945,2945,0,225,225,0,139,139,0,0,19,12792,12811,0,524
Virudhunagar,4599,61111,19630,85340,1684,164749,166434,3592,15518,19110,3827,3875,49,2,85,86,3,15,364,380,0,0,100,2036,2136,277363,0,342,390,732,102,340,442,280,1602,1881,0,6,6,6,3,25,27,20,1377,37,3132,280495,98560,1,1192,3,0,0,0,5,576,29,1009,333,218,0,0,0,2987,9228,12215,2419,1173,4,2071,51662,22042,1782,35,7,715,0,5634,0,820,2993,3813,119,530,649,4,3388,3392,0,42,2518,22306,24824,0,1032
Sivagangai,3844,226368,7473,237686,90,168,258,37,34,71,2,7,5,259,864,1123,0,1,20,21,0,0,23,112,135,239301,,2,7,8,3,0,3,117,375,492,0,62,62,0,48,47,94,6,1141,8,668,239970,282455,1,848,0,0,0,7,6,0,0,1491,5892,74,0,0,0,211,330,541,1485,963,0,272,46630,11944,1049,0,18,1017,0,850,0,1401,2446,3847,19,74,94,0,0,0,0,0,108,1340,1448,0,1467
Tirunelveli,48664,80180,39368,168212,158,4608,4766,372,34,406,99,172,73,12,142,154,0,0,0,0,0,0,12,1,12,173723,,1,1,2,1,17,18,948,1013,1961,0,0,0,0,2,18,20,1,881,2,2003,175726,2184,4,92,5,0,0,5,25,0,10,432,836,1054,0,0,0,416,74,490,1763,1237,0,1352,192251,6742,2241,16,20,297,7,2491,69,521,1288,1809,37,26,63,10,0,10,0,0,885,355,1240,0,365
Tenkasi,29388,84159,50281,163828,8266,82210,90476,5863,9,5871,8,337,330,6,7,13,0,0,0,0,0,0,0,155,155,260681,,0,0,0,5,107,112,355,8199,8554,0,0,0,0,3,6,9,1,356,5,8679,269360,99999,43,130,183,0,10,17,3,1,6,1061,1189,4,0,0,0,18982,615,19597,2243,2158,107,6164,42803,91815,22145,2,180,947,0,2042,83,1580,353,1934,138,93,230,75,8,82,0,0,1235,1404,2639,0,2041
Thoothukudi,4186,4145,37503,45834,119,158929,159049,8,11161,11169,11033,11065,32,0,10,10,8,0,0,0,0,0,0,12,13,227145,,0,7,7,19,2353,2372,746,17448,18195,0,0,0,0,0,14,14,0,2,2,20590,247735,352,0,7348,0,0,0,0,11,1017,0,671,111,57,0,0,0,224,9913,10137,1343,1144,0,872,392826,3837,2446,4,150,104,2,3154,17,530,2491,3021,62,48,110,77,1478,1555,0,4,450,3480,3930,0,431
The Nilgiris,0,246,0,246,9,6,15,0,0,0,0,0,,0,0,0,0,0,0,0,0,0,0,0,0,261,,0,0,0,0,0,0,0,0,0,0,0,0,0,0,0,0,0,1369,0,0,261,0,597,1,21,4394,182,1589,22,0,84,0,657,0,13167,10060,23227,6,9,15,11,5,30590,16,27023,106,93,8,0,1355,0,92,0,,1,1,0,0,0,0,0,0,0,0,0,0,0,0,3
Kanniyakumari,22269,20693,284,43246,2,2,4,0,0,0,0,0,,0,0,0,0,0,0,0,0,0,0,0,0,43249,,0,0,0,0,0,0,93,126,219,0,0,0,0,0,0,0,0,641,0,219,43469,0,176,0,700,0,56,119,0,0,2,2024,29844,0,0,0,0,0,0,0,148,297,0,109,137410,2811,85,11,104,20230,17988,240,0,18,9,26,1,0,1,0,0,0,0,0,0,0,0,0,1886
