District,Jun_Actual_mm,Jun_Normal_mm,Jun_PctDev,Jul_Actual_mm,Jul_Normal_mm,Jul_PctDev,Aug_Actual_mm,Aug_Normal_mm,Aug_PctDev,Sep_Actual_mm,Sep_Normal_mm,Sep_PctDev,SWM_Total_Actual_mm,SWM_Total_Normal_mm,SWM_Total_PctDev,Oct_Actual_mm,Oct_Normal_mm,Oct_PctDev,Nov_Actual_mm,Nov_Normal_mm,Nov_PctDev,Dec_Actual_mm,Dec_Normal_mm,Dec_PctDev,NEM_Total_Actual_mm,NEM_Total_Normal_mm,NEM_Total_PctDev,Jan_Actual_mm,Jan_Normal_mm,Jan_PctDev,Feb_Actual_mm,Feb_Normal_mm,Feb_PctDev,Winter_Total_Actual_mm,Winter_Total_Normal_mm,Winter_Total_PctDev,Mar_Actual_mm,Mar_Normal_mm,Mar_PctDev,Apr_Actual_mm,Apr_Normal_mm,Apr_PctDev,May_Actual_mm,May_Normal_mm,May_PctDev,HotWeather_Total_Actual_mm,HotWeather_Total_Normal_mm,HotWeather_Total_PctDev,WholeYear_Actual_mm,WholeYear_Normal_mm,WholeYear_PctDev
Chennai,200.4,64.6,210.2,144.6,107.3,34.8,114.8,133.6,-14.1,181.9,143,27.2,641.7,448.5,43.1,371.7,274.5,35.4,347.9,370.5,-6.1,358,164.6,117.5,1077.6,809.6,33.1,39.6,23,72.2,0,16.3,-100,39.6,39.3,0.8,16.4,5.2,215.4,39.5,10.1,291.1,55.8,33.5,66.6,111.7,48.8,128.9,1870.6,1346.2,39
Kancheepuram,175.5,66.5,163.9,149.8,109.1,37.3,219.9,141.8,55.1,93.7,154.6,-39.4,638.9,472,35.4,163.7,191.1,-14.3,122.3,260.3,-53,358.5,140.3,155.5,644.5,591.7,8.9,40.4,11.7,245.3,0,9.3,-100,40.4,21,92.4,9.8,6.8,44.1,7,17.4,-59.8,88.3,46.2,91.1,105.1,70.4,49.3,1428.9,1155.1,23.7
Chengalpattu,158.9,55.7,185.3,119.6,91.2,31.1,162.5,127.6,27.4,107.5,123.8,-13.2,548.5,398.3,37.7,218.6,234.4,-6.7,214.9,311.1,-30.9,290.9,162.2,79.3,724.4,707.7,2.4,15.7,14.2,10.6,0,11.3,-100,15.7,25.5,-38.4,12.5,6.5,92.3,17.9,14.2,26.1,73.4,34.5,112.8,103.8,55.2,88,1392.4,1186.7,17.3
Tiruvallur,188.5,71.8,162.5,171.7,106.7,60.9,145.5,136.2,6.8,150,149,0.7,655.7,463.7,41.4,260.2,216.2,20.4,203.6,276,-26.2,379.8,131.7,188.4,843.6,623.9,35.2,47.9,14.6,228.1,0,14.1,-100,47.9,28.7,66.9,12.5,7.5,66.7,23.7,16.7,41.9,99.5,41.6,139.2,135.7,65.8,106.2,1682.9,1182.1,42.4
Cuddalore,123.8,45.7,170.9,53.3,70,-23.9,184,111.5,65,45.1,128.5,-64.9,406.2,355.7,14.2,204.5,209.9,-2.6,204.9,307.2,-33.3,371.3,184.4,101.4,780.7,701.5,11.3,4.3,25.1,-82.9,5,16.3,-69.3,9.3,41.4,-77.5,73,19.1,282.2,26.5,16.5,60.6,158.7,44.4,257.4,258.2,80,222.8,1454.4,1178.6,23.4
Villupuram,88.7,52.7,68.3,72.1,84.1,-14.3,319.3,127.8,149.8,58.5,130.4,-55.1,538.6,395,36.4,162.4,176.4,-7.9,142.5,225.5,-36.8,572.5,129.4,342.4,877.4,531.3,65.1,6.3,10.7,-41.1,0,12.4,-100,6.3,23.1,-72.7,37,8,362.5,19.3,16.2,19.1,144.1,39,269.5,200.4,63.2,217.1,1622.7,1012.6,60.3
Kallakurichi,84.8,50.6,67.6,33.1,78.3,-57.7,168.9,120.3,40.4,48,149.9,-68,334.8,399.1,-16.1,171.9,160,7.4,70.6,189,-62.6,402.6,106.5,278,645.1,455.5,41.6,1.7,12.2,-86.1,0,7.8,-100,1.7,20,-91.5,93.8,10.4,801.9,29.5,18.9,56.1,185.7,52.8,251.7,309,82.1,276.4,1290.6,956.7,34.9
Vellore,153.1,64.9,135.9,104.3,97.4,7.1,205.1,117.4,74.7,64.9,151.6,-57.2,527.4,431.3,22.3,212,151.8,39.7,60,150.9,-60.2,243.7,73.1,233.4,515.7,375.8,37.2,28.1,6.5,332.3,0,8,-100,28.1,14.5,93.8,1.1,12,-90.8,39.1,26.2,49.2,176.6,65.7,168.8,216.8,103.9,108.7,1288,925.5,39.2
Ranipet,206.7,69.6,197,154.3,108.7,42,223.4,125.9,77.4,88.4,137.5,-35.7,672.8,441.7,52.3,165.4,150.5,9.9,73.5,167.9,-56.2,369.1,87.6,321.3,608,406,49.8,25.8,8,222.5,0,8.3,-100,25.8,16.3,58.3,6.3,10,-37,3.3,19.6,-83.2,141.6,51.1,177.1,151.2,80.7,87.4,1457.8,944.7,54.3
Tirupathur,183.7,63.7,188.4,31.7,86.4,-63.3,190,117.6,61.6,28.4,158,-82,433.8,425.7,1.9,281.6,129.1,118.1,23.8,95.1,-75,188.7,42.1,348.2,494.1,266.3,85.5,12.3,3,310,0,6.3,-100,12.3,9.3,32.3,0.9,11.1,-91.9,40.5,28.4,42.6,161.7,76.8,110.5,203.1,116.3,74.6,1143.3,817.6,39.8
Tiruvannamalai,135.8,60.4,124.8,81.4,94.1,-13.5,289.4,131.3,120.4,47.7,164.7,-71,554.3,450.5,23,188.7,173.2,8.9,89.8,178.6,-49.7,389.3,98.6,294.8,667.8,450.4,48.3,16.6,9,84.4,0,10.8,-100,16.6,19.8,-16.2,22.9,12.2,87.7,26.8,21.4,25.2,182.5,65.4,179.1,232.2,99,134.5,1470.9,1019.7,44.2
Salem,127.8,57.2,123.4,40.3,80.3,-49.8,242.8,115,111.1,45.5,153.9,-70.4,456.4,406.4,12.3,230.4,164.6,40,65.1,121.4,-46.4,244.5,45.7,435,540,331.7,62.8,4.8,4,20,0,5.9,-100,4.8,9.9,-51.5,37.2,17.2,116.3,38,48.5,-21.6,169,98.8,71.1,244.2,164.5,48.4,1245.4,912.5,36.5
Namakkal,93.3,39.4,136.8,17.5,61.1,-71.4,142.7,96.7,47.6,27.4,134.6,-79.6,280.9,331.8,-15.3,179.4,134.9,33,78.4,101.2,-22.5,149,34.3,334.4,406.8,270.4,50.4,10,4.2,138.1,0,6.1,-100,10,10.3,-2.9,28.1,12.3,128.5,47.2,43.3,9,155.7,90.4,72.2,231,146,58.2,928.7,758.5,22.4
Dharmapuri,106.4,54.3,95.9,32.1,67.3,-52.3,184.7,99.3,86,13.5,159.9,-91.6,336.7,380.8,-11.6,218.8,161.8,35.2,44.4,112.6,-60.6,244.9,39.8,515.3,508.1,314.2,61.7,2.9,4,-27.5,0,7.7,-100,2.9,11.7,-75.2,13.4,15.9,-15.7,50.2,46.5,8,228.4,107.3,112.9,292,169.7,72.1,1139.7,876.4,30
Krishnagiri,139.4,47.6,192.9,29.8,62.6,-52.4,190.8,94.5,101.9,16.6,151.5,-89,376.6,356.2,5.7,261.3,161,62.3,40.5,86.4,-53.1,216.9,31.3,593,518.7,278.7,86.1,3.9,2.7,44.4,0,5.2,-100,3.9,7.9,-50.6,13.5,14.7,-8.2,58,39.9,45.4,176.2,98.2,79.4,247.7,152.8,62.1,1146.9,795.6,44.2
Coimbatore,242,172,40.7,459.2,220.8,108,176.9,169.1,4.6,90.3,127.2,-29,968.4,689.1,40.5,331.7,161.9,104.9,103,130.8,-21.3,69.4,44.9,54.6,504.1,337.6,49.3,5.7,7,-18.6,0,10.7,-100,5.7,17.7,-67.8,41.8,22.7,84.1,101.8,57.2,78,367.8,81.5,351.3,511.4,161.4,216.9,1989.6,1205.8,65
Tiruppur,42.2,20.5,105.9,32.8,21.8,50.5,106.3,33.4,218.3,25.6,80.2,-68.1,206.9,155.9,32.7,265.2,139.3,90.4,77.1,124.8,-38.2,99.3,41.6,138.7,441.6,305.7,44.5,14.3,3.7,286.5,0,6,-100,14.3,9.7,47.4,30.6,12,155,72.4,43.5,66.4,80.9,72.7,11.3,183.9,128.2,43.4,846.7,599.5,41.2
Erode,67.3,46.1,46,38.9,46.2,-15.8,129.2,63.6,103.1,26.2,111.7,-76.5,261.6,267.6,-2.2,199.8,151,32.3,66.1,117.6,-43.8,62.3,38.5,61.8,328.2,307.1,6.9,9.4,3.9,141,0,7.4,-100,9.4,11.3,-16.8,30.9,18.9,63.5,90.5,47.9,88.9,86.9,79.7,9,208.3,146.5,42.2,807.5,732.5,10.2
Tiruchirappalli,99.5,28.5,249.1,10.5,46.1,-77.2,98,76.8,27.6,14.2,124.9,-88.6,222.2,276.3,-19.6,215.9,145.8,48.1,101.7,156.8,-35.1,223.6,76.8,191.1,541.2,379.4,42.6,13.5,7.6,77.6,0,6.6,-100,13.5,14.2,-4.9,25.5,11.5,121.7,29.4,28.3,3.9,120.8,65.2,85.3,175.7,105,67.3,952.6,774.9,22.9
Karur,70.9,20.5,245.9,0.4,29.6,-98.6,126.9,48.4,162.2,13.7,103.1,-86.7,211.9,201.6,5.1,203.5,129.5,57.1,48.6,132.3,-63.3,172,51.4,234.6,424.1,313.2,35.4,8.5,4.3,97.7,0,6,-100,8.5,10.3,-17.5,21.5,13.2,62.9,64.3,32.3,99.1,66.2,65.6,0.9,152,111.1,36.8,796.5,636.2,25.2
Perambalur,39.9,33.4,19.5,17.4,39.6,-56.1,196.2,83.4,135.3,9.2,121.4,-92.4,262.7,277.8,-5.4,169.2,165.7,2.1,81.5,180.6,-54.9,242.1,85.7,182.5,492.8,432,14.1,11.5,9.3,23.7,0,7,-100,11.5,16.3,-29.4,22.6,9.5,137.9,24.7,24.5,0.8,108.5,55.9,94.1,155.8,89.9,73.3,922.8,816,13.1
Ariyalur,58.3,39,49.5,17.3,54.2,-68.1,144,102.8,40.1,33,118.8,-72.2,252.6,314.8,-19.8,163,158.2,3,147.8,214.4,-31.1,306.3,129.3,136.9,617.1,501.9,23,20.5,16.3,25.8,0,7.9,-100,20.5,24.2,-15.3,44.1,13.3,231.6,56.6,17,232.9,147,54.6,169.2,247.7,84.9,191.8,1137.9,925.8,22.9
Pudukkottai,116.7,38.7,201.6,37.5,57.7,-35,160.6,89.7,79,23.3,108.7,-78.6,338.1,294.8,14.7,228.3,139.3,63.9,162.2,157.8,2.8,166,88.5,87.6,556.5,385.6,44.3,8.1,9.8,-17.3,5,9.7,-48.5,13.1,19.5,-32.8,41.5,15.3,171.2,38.7,23.2,66.8,62.9,49.3,27.6,143.1,87.8,63,1050.8,787.7,33.4
Thanjavur,80.3,34,136.2,25.8,58.3,-55.7,108.7,97.8,11.1,29.2,112.7,-74.1,244,302.8,-19.4,222.3,171.9,29.3,248.9,252.9,-1.6,272.5,154.6,76.3,743.7,579.4,28.4,28.9,20.5,41,6.4,16.4,-61,35.3,36.9,-4.3,65.7,17.5,275.4,57.4,27,112.6,130.2,53.7,142.5,253.3,98.2,157.9,1276.3,1017.3,25.5
Tiruvarur,69.5,34.5,101.4,15.4,58.9,-73.9,97.6,91.2,7,27.9,112.6,-75.2,210.4,297.2,-29.2,199.7,198.7,0.5,402.7,321.2,25.4,291.7,205.5,41.9,894.1,725.4,23.3,31.8,28.5,11.6,15.8,17.2,-8.1,47.6,45.7,4.2,126.7,19.5,549.7,61.2,30.1,103.3,138.4,54.3,154.9,326.3,103.9,214.1,1478.4,1172.2,26.1
Nagapattinam,38.9,34.4,13.1,9.3,47.1,-80.3,56.9,74.8,-23.9,17.9,90.3,-80.2,123,246.6,-50.1,136.4,237.2,-42.5,767.5,432.1,77.6,321,266,20.7,1224.9,935.3,31,72.7,42,73.1,10,22.2,-55,82.7,64.2,28.8,101.9,26.1,290.4,10.7,22.9,-53.3,132.6,41.8,217.2,245.2,90.8,170,1675.8,1336.9,25.3
Mayiladuthurai,58.5,39.5,48.1,31.5,52.6,-40.1,97.2,99.1,-1.9,17.9,113.5,-84.2,205.1,304.7,-32.7,195.4,241.8,-19.2,422.4,401.3,5.3,306.8,245,25.2,924.6,888.1,4.1,79.6,33.1,140.5,4.9,20.4,-76,84.5,53.5,57.9,66.3,24.4,171.7,35.9,16.4,118.9,121.7,45.1,169.8,223.9,85.9,160.7,1438.1,1332.2,7.9
Madurai,80.6,39.4,104.6,27,56,-51.8,185.6,77,141,18.5,123.7,-85,311.7,296.1,5.3,320.8,174.3,84.1,77.5,142.6,-45.7,137.4,53.1,158.8,535.7,370,44.8,3.3,10,-67,3.8,10.5,-63.8,7.1,20.5,-65.4,30.3,22.5,34.7,80.1,47.5,68.6,74,70.8,4.5,184.4,140.8,31,1038.9,827.4,25.6
Theni,105.5,31.2,238.1,99.8,50.3,98.4,132.3,58.9,124.6,38.5,97.5,-60.5,376.1,237.9,58.1,191.3,170.4,12.3,92.8,141,-34.2,120.1,52.9,127,404.2,364.3,11,17.3,12.8,35.2,1.6,16.7,-90.4,18.9,29.5,-35.9,26.9,35.3,-23.8,120.2,66.8,79.9,140.9,68.9,104.5,288,171,68.4,1087.2,802.7,35.4
Dindigul,70.6,41,72.2,38.7,50.5,-23.4,176.7,72.7,143.1,46.7,137.3,-66,332.7,301.5,10.3,305.6,194.9,56.8,131.8,181.4,-27.3,161.1,83.7,92.5,598.5,460,30.1,37.6,11.9,216,0.3,11.4,-97.4,37.9,23.3,62.7,39.2,26.1,50.2,79.9,58.1,37.5,87.1,87.5,-0.5,206.2,171.7,20.1,1175.3,956.5,22.9
Ramanathapuram,48.1,15.2,216.4,17.5,25.2,-30.6,64.3,33.4,92.5,19.9,58.3,-65.9,149.8,132.1,13.4,195.3,189.9,2.8,327.4,205.5,59.3,134.8,136,-0.9,657.5,531.4,23.7,66.4,27.8,138.8,14.6,19.1,-23.6,81,46.9,72.7,85.8,25.5,236.5,72.2,42.6,69.5,61.3,39.3,56,219.3,107.4,104.2,1107.6,817.8,35.4
Virudhunagar,79.3,20.2,292.6,18.2,35.6,-48.9,161.9,50.5,220.6,29.7,90.1,-67,289.1,196.4,47.2,152.4,172.6,-11.7,84.9,160.3,-47,224.3,65.6,241.9,461.6,398.5,15.8,20.3,14.6,39,4.4,17.2,-74.4,24.7,31.8,-22.3,41.3,29.9,38.1,105,51.8,102.7,77.2,65.5,17.9,223.5,147.2,51.8,998.9,773.9,29.1
Sivagangai,105.4,45.4,132.2,74.4,74.2,0.3,199,87.7,126.9,26,109.4,-76.2,404.8,316.7,27.8,314.7,182.8,72.2,126.4,156.2,-19.1,176.3,83.7,110.6,617.4,422.7,46.1,5.9,12.6,-53.2,7.6,12.7,-40.2,13.5,25.3,-46.6,62,22.1,180.5,61.6,39.3,56.7,87,69.8,24.6,210.6,131.2,60.5,1246.3,895.9,39.1
Tirunelveli,118.4,22.9,417,109.7,16.5,564.8,60.8,17.3,251.4,48.9,35.8,36.6,337.8,92.5,265.2,115.2,153.9,-25.1,314.6,235.4,33.6,432.4,125.6,244.3,862.2,514.9,67.4,226.4,27.8,714.4,19.6,30.4,-35.5,246,58.2,322.7,167.2,40.6,311.8,100.8,51.8,94.6,200.3,37.8,429.9,468.3,130.2,259.7,1914.3,795.8,140.6
Tenkasi,71.6,47.3,51.4,99.6,41.2,141.7,45.5,35.7,27.5,56.2,48.5,15.9,272.9,172.7,58,98.5,173.8,-43.3,131.9,210.4,-37.3,333.8,81.5,309.6,564.2,465.7,21.2,31.7,20.6,53.9,2.7,33.9,-92,34.4,54.5,-36.9,113.2,55.4,104.3,74.3,70.7,5.1,187.1,53.5,249.7,374.6,179.6,108.6,1246.1,872.5,42.8
Thoothukudi,6.2,6.1,1.6,1.3,10.7,-87.9,42.9,15.3,180.4,35,35.2,-0.6,85.4,67.3,26.9,71.1,156.5,-54.6,147.6,195.5,-24.5,189.1,89.9,110.3,407.8,441.9,-7.7,26.5,15.6,69.9,2.4,19.6,-87.8,28.9,35.2,-17.9,76.5,32.5,135.4,64.6,43.8,47.5,18.1,30.5,-40.7,159.2,106.8,49.1,681.3,651.2,4.6
The Nilgiris,336.2,195.7,71.8,617,245.6,151.2,216.9,220.6,-1.7,103.8,180.5,-42.5,1273.9,842.4,51.2,227.7,227.1,0.3,157.2,195.6,-19.6,111.2,78.6,41.5,496.1,501.3,-1,11.8,18.1,-34.8,0.1,21,-99.5,11.9,39.1,-69.6,88.4,39,126.7,82.5,67.2,22.8,430.1,106.7,303.1,601,212.9,182.3,2382.9,1595.7,49.3
Kanniyakumari,209.6,175,19.8,116.3,108,7.7,128.5,87.7,46.5,47.9,124,-61.4,502.3,494.7,1.5,270.2,249.3,8.4,242.7,220.2,10.2,27.1,63.1,-57.1,540,532.6,1.4,5.8,15,-61.3,0.7,23.8,-97.1,6.5,38.8,-83.2,65.7,41.5,58.3,221.1,104.8,111,230.9,125.9,83.4,517.7,272.2,90.2,1566.5,1338.3,17.1
