District,BoiledRice_BPT_Ponni,BoiledRice_Fine_Ponni,RawRice_Fine_IR20,Cholam_White,Cumbu,Ragi_Local,Korra_Thinai,Varagu,Horsegram,Redgramdhall,Blackgramdhall,Greengramdhall,Groundnut_oil,Gingelly_oil,Coconut_oil,Sunflower_oil,Chillies_Samba_II,Garlic,Tamarind,Salt,Palmoil,Potato,Onion_Bellary,Tomatoes
Chennai,65,69,65,40,37,50,72,96,84,156,136,110,203,338,174,120,253,261,115,10,135,31,42,32
Kancheepuram,58,72,61,59,41,52,122,120,101,166,138,126,189,372,216,125,261,256,119,15,131,39,37,28
Chengalpattu,60,77,65,60,40,49,123,120,101,162,139,116,188,372,241,130,275,237,126,,133,39,38,29
Tiruvallur,54,61,62,59,41,46,117,129,113,168,140,130,218,339,243,125,244,230,130,18,138,41,42,32
Cuddalore,60,62,63,59,68,50,104,102,109,159,139,126,206,337,214,127,274,275,127,9,134,38,36,27
Villupuram,55,65,69,64,72,49,104,108,98,161,144,127,193,346,222,123,257,246,125,9,137,38,40,28
Kallakurichi,61,65,70,64,71,53,113,114,94,158,139,131,199,326,176,124,260,269,128,,142,38,39,27
Vellore,55,70,60,40,37,48,136,139,82,146,132,106,200,351,210,125,253,260,119,12,137,36,41,29
Ranipet,57,70,68,52,38,43,131,140,92,144,133,121,211,354,231,130,241,257,119,9,135,36,40,31
Tirupathur,54,69,67,50,,42,117,115,78,157,135,126,211,372,220,126,257,266,118,11,139,36,41,31
Tiruvannamalai,58,66,65,51,46,47,104,116,95,157,139,120,194,363,204,132,257,246,114,13,135,39,40,29
Salem,60,70,58,47,34,45,81,91,74,145,128,111,201,342,220,127,260,227,120,,132,41,42,28
Namakkal,62,,59,38,39,44,77,97,83,153,136,120,196,369,235,131,267,258,116,,131,37,42,31
Dharmapuri,59,61,61,56,,39,52,69,84,159,134,127,204,340,200,133,257,251,111,10,129,36,38,25
Krishnagiri,63,63,66,41,38,45,111,107,80,149,128,114,226,349,235,122,248,243,105,8,129,33,39,26
Coimbatore,64,63,64,43,38,48,75,86,77,148,131,120,215,331,186,195,230,250,153,11,134,41,39,30
Tiruppur,62,,66,45,43,53,88,101,79,159,138,122,213,323,179,132,254,243,141,11,138,45,42,31
Erode,62,,68,64,42,51,94,97,82,153,135,124,209,312,193,129,258,240,131,,135,43,40,29
Tiruchirappalli,62,64,65,51,70,49,98,103,97,156,139,127,201,345,186,130,256,252,147,8,131,40,39,32
Karur,61,61,63,45,33,52,75,78,84,146,130,118,199,333,201,126,238,281,122,,132,45,39,30
Perambalur,65,68,60,61,51,48,111,,101,145,132,111,197,357,181,118,236,259,122,12,128,39,37,33
Ariyalur,65,68,60,61,51,48,111,,101,145,132,111,197,357,181,118,236,259,122,12,128,39,37,33
Pudukkottai,61,65,59,61,,48,91,114,93,152,135,112,214,336,195,125,235,251,82,12,134,43,41,34
Thanjavur,60,55,60,53,46,50,90,120,100,165,146,119,231,360,208,125,259,256,114,10,137,36,37,31
Tiruvarur,60,53,59,,41,53,90,121,110,166,152,128,214,336,212,123,256,252,98,7,135,38,40,33
Nagapattinam,59,,57,69,45,55,104,113,105,160,143,132,220,347,191,126,284,284,121,13,134,33,38,29
Mayiladuthurai,60,56,58,66,48,51,103,116,110,162,141,143,216,351,205,118,259,268,145,13,126,35,39,30
Madurai,54,56,64,42,47,49,90,95,101,165,135,123,191,335,163,127,246,186,113,8,137,39,41,30
Theni,57,66,58,48,,48,70,93,86,147,129,112,205,358,177,126,247,209,102,9,139,39,42,28
Dindigul,54,59,65,42,37,45,79,87,83,146,134,123,190,319,175,126,248,240,117,9,139,31,35,26
Ramanathapuram,63,,73,53,,49,104,108,85,146,138,127,212,330,180,131,247,200,87,,132,47,44,40
Virudhunagar,53,66,61,60,49,51,82,85,94,150,132,118,208,354,231,129,236,204,130,9,139,43,42,30
Sivagangai,53,58,60,48,36,46,95,104,94,159,137,124,185,310,173,130,240,207,97,11,130,48,44,36
Tirunelveli,60,62,66,60,47,60,95,123,109,156,136,121,219,347,183,123,244,235,118,9,143,36,42,32
Tenkasi,57,66,64,56,43,55,124,122,106,155,136,121,242,343,174,120,241,239,122,11,132,37,44,33
Thoothukudi,57,60,53,49,63,55,74,97,108,159,134,117,209,352,207,131,237,240,143,10,134,39,41,33
The Nilgiris,75,76,72,50,48,50,123,128,94,166,145,130,218,351,179,123,248,241,138,10,129,46,42,32
Kanniyakumari,56,70,59,36,33,48,69,99,116,169,135,,223,330,174,135,231,239,116,,138,38,42,33
