District,Rice_Kar_Sow,Rice_Kar_Harvest,Rice_Samba_Sow,Rice_Samba_Harvest,Rice_Navarai_Sow,Rice_Navarai_Harvest,Cholam_Irrigated_Sow,Cholam_Irrigated_Harvest,Cholam_Unirrigated_Sow,Cholam_Unirrigated_Harvest,Cumbu_Irrigated_Sow,Cumbu_Irrigated_Harvest,Cumbu_Unirrigated_Sow,Cumbu_Unirrigated_Harvest,Ragi_Irrigated_Sow,Ragi_Irrigated_Harvest,Ragi_Unirrigated_Sow,Ragi_Unirrigated_Harvest,Maize_Irrigated_Sow,Maize_Irrigated_Harvest,Maize_Unirrigated_Sow,Maize_Unirrigated_Harvest,Greengram_Sow,Greengram_Harvest,Blackgram_Sow,Blackgram_Harvest,Redgram_Sow,Redgram_Harvest,Sugarcane_Planted_Sow,Sugarcane_Planted_Harvest,Sugarcane_Ratoon_Sow,Sugarcane_Ratoon_Harvest,Cotton_Irrigated_Sow,Cotton_Irrigated_Harvest,Cotton_Unirrigated_Sow,Cotton_Unirrigated_Harvest,Groundnut_Irrigated_Sow,Groundnut_Irrigated_Harvest,Groundnut_Unirrigated_Sow,Groundnut_Unirrigated_Harvest,Gingelly_Irrigated_Sow,Gingelly_Irrigated_Harvest,Gingelly_Unirrigated_Sow,Gingelly_Unirrigated_Harvest
Chennai,,,,,,,,,,,,,,,,,,,,,,,,,,,,,,,,,,,,,,,,,,,,
Kancheepuram,Jun-July,Sep-Oct,Nov.,Jan-Feb,Jan,Mar-Apr,,,,,,,,,Jan,Mar-Apr,Sep,Dec,,,,,Oct-Jan,Jan-Apl,Oct-Jan,Jan-Apl,,,Dec-Jan,Nov-Dec,Dec,Oct,,,,,Dec,Mar,Aug,Oct,Dec,Mar,Aug,Oct
Chengalpattu,Jun-July,Sep-Oct,Nov.,Jan-Feb,Jan,Mar-Apr,,,,,,,,,Jan,Mar-Apr,Sep,Dec,,,,,Oct-Jan,Jan-Apl,Oct-Jan,Jan-Apl,,,Dec-Jan,Nov-Dec,Dec,Oct,,,,,Dec,Mar,Aug,Oct,Dec,Mar,Aug,Oct
Tiruvallur,Jun-July,Sep-Oct,Aug-Sep,Dec-Jan,Dec-Jan,Mar-Apr,,,July,Nov,Apr-May,July,Jun-July,Sep-Oct,Nov-Dec,Feb-Mar,Jan-Feb,Apr-May,,,,,Jan,Mar-Apr,July-Aug,Sep-Oct,July-Aug,Oct-Nov,Dec-Jan,Nov-Dec,Dec,Oct,,,,,Dec-Jan,Mar-Aprl,Jun-July,Sep-Oct,Jun-July,Sep-Oct,Oct,Dec
Cuddalore,May-Jun,Aug-Sep,Aug-Sep,Dec-Jan,Dec-Jan,Mar-Apr,,,July-Aug,Nov,Apr-May,July,July,Sep-Oct,Apr-May,July-Aug,July-Aug,Oct-Nov,,,Sep-Oct,Dec-Jan,Jan-Feb,Apr,Jan-Feb,Apr-Oct,July-Aug,Oct-Nov,Dec-Jan,Nov-Dec,Dec,Oct,Dec-Jan,Apr-May,Aug-Sep,Dec-Jan,Oct-Nov,Feb-Mar,Jun-July,Sep-Oct,Dec-Jan,Mar-Apr,Aug-Sep,Nov-Dec
Villupuram,May-Jun,Aug-Sep,Aug-Sep,Dec-Jan,Dec-Jan,Mar-Apr,July-Aug,Oct-Nov,,,Apr-May,July,July,Sep-Oct,July,Nov,July,Oct,Jun,Aug-Sep,Oct,Dec-Jan,Aug-Sep,Oct-Nov,Mar,May,July,Sep,Dec-Jan,Nov-Dec,Dec,Oct-Nov,July-Aug,Dec-Jan,Oct,Feb,Apr-May,Jun-July,Nov-Dec,Feb-Mar,Apr-May,Jun-July,Nov-Dec,Jan-Feb
Kallakurichi,May-Jun,Aug-Sep,Aug-Sep,Dec-Jan,Dec-Jan,Mar-Apr,July-Aug,Oct-Nov,,,Apr-May,July,July,Sep-Oct,July,Nov,July,Oct,Jun,Aug-Sep,Oct,Dec-Jan,Aug-Sep,Oct-Nov,Mar,May,July,Sep,Dec-Jan,Nov-Dec,Dec,Oct-Nov,July-Aug,Dec-Jan,Oct,Feb,Apr-May,Jun-July,Nov-Dec,Feb-Mar,Apr-May,Jun-July,Nov-Dec,Jan-Feb
Vellore,May-Jun,Aug-Sep,Aug-Sep,Dec-Jan,Jan,Mar-Apr,,,July-Aug,Nov-Dec,Jan-Feb,Apr-May,July,Sep-Oct,Nov-Dec,Mar,Aug,Nov,Jan,Apl,,,Oct,JAN,July-Aug,Sep-Oct,July-Aug,Dec-Jan,Dec,Nov,Dec,Oct,,,Aug-Sep,Jan-Feb,Nov-Dec,Feb-Mar,Jun-July,Oct-Nov,Dec-Jan,Mar-Apr,Jun,Sep
Ranipet,May-Jun,Aug-Sep,Aug-Sep,Dec-Jan,Jan,Mar-Apr,,,July-Aug,Nov-Dec,Jan-Feb,Apr-May,July,Sep-Oct,Nov-Dec,Mar,Aug,Nov,Jan,Apl,,,Oct,JAN,July-Aug,Sep-Oct,July-Aug,Dec-Jan,Dec,Nov,Dec,Oct,,,Aug-Sep,Jan-Feb,Nov-Dec,Feb-Mar,Jun-July,Oct-Nov,Dec-Jan,Mar-Apr,Jun,Sep
Tirupathur,May-Jun,Aug-Sep,Aug-Sep,Dec-Jan,Jan,Mar-Apr,,,July-Aug,Nov-Dec,Jan-Feb,Apr-May,July,Sep-Oct,Nov-Dec,Mar,Aug,Nov,Jan,Apl,,,Oct,JAN,July-Aug,Sep-Oct,July-Aug,Dec-Jan,Dec,Nov,Dec,Oct,,,Aug-Sep,Jan-Feb,Nov-Dec,Feb-Mar,Jun-July,Oct-Nov,Dec-Jan,Mar-Apr,Jun,Sep
Tiruvannamalai,May-Jun,Aug-Sep,Sep-Oct,Dec-Jan,Jan,Mar-Apr,Feb-Mar,May-Jun,July-Aug,Nov-Dec,Feb,May,July,Sep-Oct,Dec-Jan,Apr,Nov,Feb,,,Oct,Dec-Jan,Oct,JAN,July-Aug,Sep-Oct,July-Aug,Dec-Jan,Jan-Feb,Dec-Jan,Jan-Feb,Dec-Jan,Feb-Mar,Jun-July,,,Nov-Dec,Feb-Mar,Oct,Feb,Feb,May,Jun,Sep
Salem,May-Jun,Aug-Sep,Sep-Oct,Dec-Jan,Jan,Mar-Apr,Jun,Aug,Sep,Dec-Jan,Feb,May,Apr-May,July-Aug,Nov-Dec,Feb-Mar,Sep-Oct,Dec-Jan,Aug-Sep,Nov-Dec,July-Aug,Nov-Dec,Jan-Feb,Apr,Sep-Oct,Nov-Dec,Aug-Sep,Nov-Dec,Feb-Mar,Jan-Feb,Feb-Mar,Jan-Feb,Feb-Mar,Jun-July,Aug-Sep,Jan-Feb,Nov-Dec,Feb-Mar,Jun-July,Aug-Sep,Feb-Mar,May-Jun,Jun,Sep
Namakkal,May-Jun,Aug-Sep,Sep-Oct,Dec-Jan,Jan,Mar-Apr,Jun-July,Sep-Oct,July,Nov,Jun-July,Sep-Oct,Apr-May,July-Aug,Nov-Dec,Feb-Mar,July,Oct,July-Aug,Oct-Nov,Sep-Oct,Dec-Jan,Jan-Feb,Apr,Sep-Oct,Nov-Dec,Aug,Jan,Dec-Jan,Oct-Nov,Dec,Dec-Jan,Aug-Oct,Jan-Mar,Feb-Mar,Jun-July,May-Jun,Aug-Sep,May-Jun,Aug-Sep,Dec-Jan,Sep-Oct,Jun-July,Aug-Sep
Dharmapuri,May-Jun,Aug-Sep,Sep-Oct,Dec-Jan,Jan,Mar-Apr,,,July-Aug,Nov-Dec,Apr-May,July,Jun-July,Sep-Oct,Dec-Jan,Mar-Apr,July-Aug,Oct-Nov,July-Aug,Oct-Nov,,,Jun-July,Aug-Sep,Sep-Oct,Nov-Dec,July-Aug,Oct-Nov,Dec-Jan,Oct-Nov,Dec,Nov,Aug-Sep,Jan-Feb,July-Aug,Dec-Jan,May-Jun,Aug-Sep,Jun-July,Sep-Oct,,,Jun-July,Aug-Sep
Krishnagiri,Jun,Sep,Oct-Nov,Jan-Feb,Jan,Mar-Apr,Jun,Aug,Sep,Dec-Jan,Feb,May,Apr-May,July-Aug,Nov-Dec,Feb-Mar,Sep-Oct,Dec-Jan,Aug-Sep,Nov-Dec,,,Jan-Feb,Apr,Sep-Oct,Dec,July-Aug,Dec-Jan,Feb-Mar,Jan-Feb,Feb-Mar,Jan-Feb,Feb-Mar,Jun-July,Aug-Sep,Jan-Feb,Nov-Dec,Feb-Mar,Jun-July,Aug-Sep,,,Jun-July,Aug-Sep
Coimbatore,Jun-July,Sep-Oct,Oct-Nov,Jan-Feb,,,Jun-July,Sep-Oct,Sep,Dec-Jan,Apr-May,July,Sep-Oct,Dec-Jan,Nov-Dec,Feb-Mar,Sep-Oct,Dec-Jan,Aug-Sep,Nov-Dec,July-Aug,Nov-Dec,Jun-July,Aug-Sep,July-Aug,Sep-Oct,May-Jun,Sep-Oct,Jun-July,May-Jun,Jun-July,May-Jun,Aug-Oct,Jan-Aprl,Aug-Sep,Jan-Feb,Apr-May,July-Aug,Jun-July,Aug-Sep,Mar,May,Sep,Nov
Tiruppur,Jun-July,Sep-Oct,Oct-Nov,Jan-Feb,,,Jun-July,Sep-Oct,Sep,Dec-Jan,Apr-May,July,Sep-Oct,Dec-Jan,Nov-Dec,Feb-Mar,Sep-Oct,Dec-Jan,Aug-Sep,Nov-Dec,July-Aug,Nov-Dec,Jun-July,Aug-Sep,July-Aug,Sep-Oct,May-Jun,Sep-Oct,Jun-July,May-Jun,Jun-July,May-Jun,Aug-Oct,Jan-Aprl,Aug-Sep,Jan-Feb,Apr-May,July-Aug,Jun-July,Aug-Sep,Mar,May,Sep,Nov
Erode,July,Oct,Oct-Nov,Jan-Feb,Jan,Mar-Apr,Jan,Apr,Sep,Dec-Jan,Apr,July,Aug,Nov,Dec,Mar,Aug,Nov,Jan,Apr,Aug,Dec-Jan,Jan,Apr,Jan,Apl,Aug,Jan,Dec-Jan,Nov-Dec,Dec-Jan,Nov-Dec,Oct,Mar,,,Dec,Mar,Jun-July,Aug-Sep,Mar,May,Sep,Nov
Tiruchirappalli,Jun,Sep-Oct,Oct-Nov,Jan-Feb,Jan,Mar-Apr,Jan,Apr,July,Nov-Dec,Apr,July,Aug-Sep,Dec,,,,,Feb,May,Aug,Dec-Jan,Jan,Apr,Jan,Apl,Jun-July,Oct-Nov,Jan,Dec,Jan-Feb,Dec-Jan,Feb,Jun,Aug-Sep,Dec,Dec,Mar,Jun-July,Aug-Sep,Mar,July,Oct,Jan
Karur,,,Oct-Nov,Jan-Feb,Jan,Mar-Apr,Jan,Apr,July,Nov-Dec,Apr,July,Aug-Sep,Dec,,,,,,,,,,,Jan,Apl,Jun-July,Oct-Nov,Jan,Dec,Jan-Feb,Dec-Jan,Feb,Jun,Aug-Sep,Dec,Dec,Mar,Jun-July,Aug-Sep,Mar,July,Oct,Jan
Perambalur,Jun,Sep-Oct,Oct-Nov,Jan-Feb,Jan,Mar-Apr,Mar,Jun,Sep,Dec-Jan,Apr,July,Jun-July,Oct,Apr-May,July-Aug,July,Oct,Mar,Jun,Aug-Sep,Dec-Jan,Aug-Sep,Oct-Nov,July-Aug,Sep-Oct,Aug-Sep,Jan-Feb,Dec-Jan,Nov-Dec,Jan-Feb,Dec-Jan,,,Aug-Sep,Dec-Jan,Dec-Jan,Mar-Aprl,Aug,Oct,Feb-Mar,Apr-May,July-Aug,Oct-Nov
Ariyalur,Jun,Sep-Oct,Oct-Nov,Jan-Feb,Jan,Mar-Apr,Mar,Jun,Sep,Dec-Jan,Apr,July,Jun-July,Oct,Apr-May,July-Aug,July,Oct,Mar,Jun,Aug-Sep,Dec-Jan,Aug-Sep,Oct-Nov,July-Aug,Sep-Oct,Aug-Sep,Jan-Feb,Dec-Jan,Nov-Dec,Jan-Feb,Dec-Jan,,,Aug-Sep,Dec-Jan,Dec-Jan,Mar-Aprl,Aug,Oct,Feb-Mar,Apr-May,July-Aug,Oct-Nov
Pudukkottai,Jun,Sep-Oct,Oct-Nov,Jan-Feb,,,Feb-Mar,Jun,July,Nov,,,Jun-July,Oct,Feb,May,July,Oct,Jan-Feb,Apr-May,,,Jun-July,Aug-Sep,Jun-July,Aug-Sep,July,Jan,Dec-Jan,Nov-Dec,Jan-Feb,Dec-Jan,,,,,Dec-Jan,Mar-Aprl,Jun-July,Sep-Oct,Jan-Feb,Mar-Apr,Aug-Sep,Nov-Dec
Thanjavur,Apr-May,July-Aug,Sep-Oct,Dec-Jan,Jan,Mar-Apr,,,,,,,,,,,,,Jan,Apr,,,Jan-Feb,Apr,Jan-Feb,Apr,,,Dec-Jan,Nov-Dec,Dec-Jan,Nov-Dec,Jan-Feb,May-Jun,,,Dec,Mar-Aprl,Jan,Apr,Feb,Apr-May,Jan-Feb,Apr-May
Tiruvarur,July,Oct,Oct-Nov,Jan-Feb,Jan,Apr,,,,,,,,,,,,,,,,,Jan,Apr,Jan,Apr,,,Feb-Mar,Dec-Jan,Jan-Feb,Oct-Nov,Feb,Jun-July,,,Dec-Jan,Apr-May,,,Apr,Jun,Jan,Mar
Nagapattinam,May-Jun,Sep-Oct,Oct-Nov,Jan-Feb,Jan,Apr,,,,,,,,,,,,,,,,,Jan-Feb,Apr,Jan-Feb,Apl,,,Apr-May,Mar-Apr,Apr-May,Mar-Apr,Feb-Mar,Jun-July,,,Dec-Jan,Apr-May,Dec-Jan,Apr-May,,,Jan-Feb,Apr-May
Mayiladuthurai,,,,,,,,,,,,,,,,,,,,,,,,,,,,,,,,,,,,,,,,,,,,
Madurai,July,Oct,Oct,Jan,Jan,Apr,Jan,Apl,Sep,Dec,Jun-July,Sep-Oct,Jan,Mar-Apl,,,July,Oct,Jan-Feb,Apr-May,Sep-Oct,Dec-Jan,Jun-July,Aug-Sep,Jun-July,Aug-Sep,Jun-July,Oct-Nov,Jan-Feb,Nov-Dec,Dec-Jan,Nov-Dec,Feb-Mar,Jun-July,Aug-Sep,Dec-Jan,Dec-Jan,Mar-Aprl,Jun-July,Sep-Oct,,,Jun-July,Sep-Oct
Theni,July,Oct,Oct,Jan-Feb,,,Jan-Feb,May,Sep,Dec-Jan,May,July-Aug,Sep,Dec,,,Oct,Jan,Jun,Aug-Sep,Oct,Jan,Oct,Jan,Jun,Aug-Sep,Jun-July,Oct-Nov,May-Jun,Apr-May,Apr-May,Feb-Mar,Oct,Mar-Apr,Sep,Feb,Dec-Jan,Mar-Aprl,Jun-July,Sep-Oct,,,Nov,Jan
Dindigul,July,Oct,Oct,Jan-Feb,Jan,Apr,Jan-Feb,Apl-May,Sep,Dec-Jan,Apr-May,July,Sep-Oct,Dec-Jan,,,,,Jan-Feb,Apr-May,Sep-Oct,Dec-Jan,Sep-Oct,Dec-Jan,July-Aug,Sep-Oct,July-Aug,Dec-Jan,Jan,Nov-Dec,Jan,Nov-Dec,Jan-Feb,Jun-July,Sep-Oct,Jan-Feb,Dec-Jan,Mar-Aprl,Jun-July,Sep-Oct,,,Sep-Oct,Nov-Dec
Ramanathapuram,,,Oct,Feb,,,,,Sep,Dec-Jan,Oct,Jan,Oct,Jan,Oct,Jan-Feb,Oct,Jan-Feb,,,,,Oct,Jan,Oct,Dec-Jan,Oct,Jan,,,,,Feb,Jun,Oct,Mar,Feb,May,Oct,Feb,,,Nov,Feb
Virudhunagar,,,Oct-Nov,Jan-Feb,,,Feb-Mar,Jun,Sep,Dec-Jan,Apr,July,Oct,Jan,Apr-May,July-Aug,Sep,Dec-Jan,Feb,May,Aug-Sep,Nov-Dec,Oct,Jan,Oct,Dec-Jan,July-Aug,Jan-Feb,July,Jun,Jun,Apr-May,Feb,Jun-July,Aug-Sep,Dec-Jan,Dec-Jan,Mar-Aprl,July,Oct,,,July-Aug,Oct-Nov
Sivagangai,,,Oct-Nov,Jan-Feb,,,Jan,Apl,Aug,Nov-Dec,,,,,,,July,Oct,,,,,July-Aug,Sep-Oct,July-Aug,Sep-Oct,July,Oct,Feb-Mar,Jan-Feb,Jan,Dec,Dec-Jan,Apr,,,Oct-Nov,Feb-Mar,Jun-July,Sep-Oct,,,Nov-Dec,Jan-Feb
Tirunelveli,Jun-July,Oct,Sep-Oct,Feb-Mar,Jan,Apr,Sep,Dec,Sep,Dec-Jan,Oct,Jan,Oct,Jan,July,Nov,,,July,Oct,Sep-Oct,Dec-Jan,Sep-Oct,Dec-Jan,Feb,APL,,,Dec-Jan,Nov-Dec,Dec-Jan,Nov,Feb-Mar,Jun-July,Sep-Oct,Feb-Mar,Feb,May,Sep,Feb,Feb-Mar,Jun,Nov-Dec,Jan-Feb
Tenkasi,Jun-July,Oct,Sep-Oct,Feb-Mar,Jan,Apr,Sep,Dec,Sep,Dec-Jan,Oct,Jan,Oct,Jan,July,Nov,,,July,Oct,Sep-Oct,Dec-Jan,Sep-Oct,Dec-Jan,Feb,APL,,,Dec-Jan,Nov-Dec,Dec-Jan,Nov,Feb-Mar,Jun-July,Sep-Oct,Feb-Mar,Feb,May,Sep,Feb,Feb-Mar,Jun,Nov-Dec,Jan-Feb
Thoothukudi,July,Oct,Nov,Feb,Jan,Apr,,,Sep,Dec-Jan,,,Oct,Jan,,,,,July,Oct,Sep-Oct,Dec-Jan,Oct,Jan,Oct,Dec-Jan,Oct,Feb-Mar,Aug-Sep,Jun-July,,,Jan-Feb,Jun-July,Sep-Oct,Feb-Mar,Dec-Jan,Mar-Apr,Nov-Dec,Feb-Mar,,,Oct-Nov,Dec-Jan
The Nilgiris,,,Aug,Dec,,,,,,,,,,,,,,,,,,,,,,,,,,,,,,,,,,,,,,,,
Kanniyakumari,,,,,,,,,,,,,,,,,,,,,,,,,,,,,,,,,,,,,,,,,,,,
