Variable,Yield_STATE,Production_STATE,Rain_STATE_AVG
Rice_Kar,3689,1415750,
Rice_Samba,3008,4148841,
Rice_Navarai,3874,1529225,
Rice_Combined,3288,,
Jowar_Kharif,1293,193106,
Jowar_Rabi,1147,216985,
Jowar_Combined,1211,,
Bajra_Kharif,2652,102661,
Bajra_Rabi,1597,21003,
Bajra_Combined,2384,,
Ragi_Kharif,3922,189115,
Ragi_Rabi,6942,111481,
Ragi_Combined,4676,,
Maize_Kharif,5923,1380966,
Maize_Rabi,5084,1282635,
Maize_Combined,5487,,
Korra,470,481,
Varagu_Kharif,1323,3790,
Varagu_Rabi,1415,1189,
Varagu_Combined,1344,,
Samai_Kharif,1285,17575,
Samai_Rabi,1456,136,
Samai_Combined,1286,,
OtherCereals,1415,,
BengalGram,926,3270,
Redgram_Kharif,1015,56957,
Redgram_Rabi,1026,3147,
Redgram_Combined,1016,,
Greengram_Kharif,564,9863,
Greengram_Rabi,248,27977,
Greengram_Combined,290,,
Blackgram_Kharif,531,22499,
Blackgram_Rabi,456,143621,
Blackgram_Combined,465,,
Horsegram_Kharif,604,1058,
Horsegram_Rabi,710,53460,
Horsegram_Combined,707,,
Cowpea_Kharif,604,24845,
Cowpea_Rabi,549,7439,
Cowpea_Combined,590,,
OtherPulses_Kharif,585,14877,
OtherPulses_Rabi,585,1838,
OtherPulses_Combined,585,,
Sugarcane_t_per_ha,102,,
Arecanut,1838,28007,
Chillies,528,25012,
Cloves,959,1055,
Garlic,5835,11091,
Pepper,220,1725,
Ginger,46519,4234,
Turmeric,5488,144713,
Coriander,444,2102,
Cardamom,91,404,
Tamarind,3006,41387,
Tapioca,40259,4222147,
SweetPotato,19336,11798,
Potato_Kharif,17979,59293,
Potato_Rabi,27187,52760,
Potato_Combined,21390,,
Onion_Kharif,10529,185196,
Onion_Rabi,7307,193347,
Onion_Combined,8594,,
Brinjal,13225,268323,
LadyFinger,11366,221477,
Cabbage,71595,341045,
Tomato,19663,784990,
Banana,39691,4536787,
Mango,5855,847036,
Lemon,6533,81678,
Orange,3912,3714,
CashewNut,364,29799,
Jackfruit,20056,71990,
Pineapple,41249,38826,
Guava,7076,100691,
Grapes,41573,87626,
Groundnut_Kharif,1970,384931,
Groundnut_Rabi,3202,384498,
Groundnut_Combined,2439,,
Gingelly_Kharif,487,7104,
Gingelly_Rabi,414,26513,
Gingelly_Combined,428,,
Sunflower_Kharif,1935,829,
Sunflower_Rabi,902,5458,
Sunflower_Combined,970,,
Rapeseed_Mustard,235,56,
Castor,312,1425,
Cotton_Kharif,282,,
Cotton_Rabi,386,,
Cotton_Combined,350,,
Tobacco,1525,3944,
Coconut_nuts_per_ha,13301,,
Rice_Total,,7093817,
Maize_Total,,2663601,
Jowar_Total,,410091,
Bajra_Total,,123664,
Ragi_Total,,300597,
Varagu_Total,,4979,
Samai_Total,,17711,
OtherCereals_Kharif,,2441,
OtherCereals_Rabi,,4516,
OtherCereals_Total,,6957,
TOTAL_CEREALS,,10621897,
Redgram_Total,,60104,
Greengram_Total,,37840,
Blackgram_Total,,166120,
Horsegram_Total,,54518,
Cowpea_Total,,32284,
OtherPulses_Total,,35990,
TOTAL_PULSES,,382503,
TOTAL_FOODGRAINS,,11004400,
Sugarcane_tonnes,,13337683,
Potato_Total,,112053,
Onion_Total,,378543,
Groundnut_Total,,769430,
Gingelly_Total,,33617,
Sunflower_Total,,6287,
Cotton_Kharif_bales,,58887,
Cotton_Rabi_bales,,151641,
Cotton_Total_bales,,210527,
Coconut_lakh_nuts,,67033,
Jun_Actual_mm,,,115.3
Jun_Normal_mm,,,53.8
Jun_PctDev,,,114.3
Jul_Actual_mm,,,82.9
Jul_Normal_mm,,,72.4
Jul_PctDev,,,14.5
Aug_Actual_mm,,,155.2
Aug_Normal_mm,,,94.3
Aug_PctDev,,,64.6
Sep_Actual_mm,,,47.8
Sep_Normal_mm,,,119.9
Sep_PctDev,,,-60.1
SWM_Total_Actual_mm,,,401.2
SWM_Total_Normal_mm,,,340.4
SWM_Total_PctDev,,,17.9
Oct_Actual_mm,,,212.7
Oct_Normal_mm,,,178.3
Oct_PctDev,,,19.3
Nov_Actual_mm,,,164.4
Nov_Normal_mm,,,200.5
Nov_PctDev,,,-18
Dec_Actual_mm,,,246.3
Dec_Normal_mm,,,100.3
Dec_PctDev,,,145.5
NEM_Total_Actual_mm,,,623.4
NEM_Total_Normal_mm,,,479.2
NEM_Total_PctDev,,,30.1
Jan_Actual_mm,,,26.8
Jan_Normal_mm,,,13.8
Jan_PctDev,,,93.6
Feb_Actual_mm,,,2.8
Feb_Normal_mm,,,13.1
Feb_PctDev,,,-79
Winter_Total_Actual_mm,,,29.5
Winter_Total_Normal_mm,,,27
Winter_Total_PctDev,,,9.5
Mar_Actual_mm,,,47.2
Mar_Normal_mm,,,19.6
Mar_PctDev,,,141.4
Apr_Actual_mm,,,57.2
Apr_Normal_mm,,,36.8
Apr_PctDev,,,55.3
May_Actual_mm,,,140.9
May_Normal_mm,,,63.7
May_PctDev,,,121.2
HotWeather_Total_Actual_mm,,,245.3
HotWeather_Total_Normal_mm,,,120.1
HotWeather_Total_PctDev,,,104.3
WholeYear_Actual_mm,,,1299.5
WholeYear_Normal_mm,,,966.7
WholeYear_PctDev,,,34.4
