District,Paddy_BPT_Ponni,Cholam_White,Cumbu,Ragi,Maize,Korra,Varagu,Samai,Tapioca,Bengalgram,Redgram,Blackgram_Nadu,Greengram_Nadu,Horsegram,Groundnut_Pods,Gingelly_Seed,Castor_Seed,Coconut_per100,Cane_Gur,Palm_Gur,Chillies_Samba_II,Coriander,Turmeric_Finger,Garlic,Tamarind,Coffee_Seed,Cashewnut,Arecanut_Kottai,Cotton_Kapas,Potato,Onion_Bellary,Cauliflower,Peas_Green,Tomatoes,LadiesFinger,Brinjal,Banana_Poovan_per1000
Chennai,2553,3516,3627,4046,3074,6843,7527,7608,2373,8260,9617,9678,9386,7054,,15388,,2370,4978,35492,17013,11104,19794,23713,8854,46463,24431,,,2604,3452,2942,14350,2998,3246,3044,3635
Kancheepuram,2553,3516,3650,4519,3074,,,,2373,,9617,9678,9386,,10130,17146,,2346,5273,,18888,,19794,,7655,,24431,,,3675,3295,,,2960,3410,4459,3882
Chengalpattu,2553,3516,3650,4519,3074,,7527,,2373,,,9678,9386,,10130,17146,,1696,5741,35492,19377,,19794,,7606,,24431,,9000,3786,3428,,,3082,3750,4459,3468
Tiruvallur,2759,3516,3693,4044,3074,,,,2373,,9617,9678,11383,9803,10130,17146,,2355,4777,35492,19781,9500,19794,24071,7083,,24431,53150,,4100,4023,,,3452,2900,4459,3468
Cuddalore,2319,5417,5862,3849,3161,9253,6348,9021,2373,9590,8600,9669,11383,9803,10130,14366,6305,2097,5023,32000,20894,10625,22047,29721,9853,,24431,53150,9000,3703,3381,3590,,2914,2952,3641,3468
Villupuram,2216,4818,4450,4340,2589,9483,9517,,4000,,,9451,10250,,10130,14875,,3034,5256,34422,20570,,20161,21286,12000,,24431,,9000,3570,2851,4800,,2951,2985,3474,3468
Kallakurichi,2216,4818,4450,4340,2247,9483,9517,,4000,,,9451,10250,,10130,14637,6305,3034,5256,34422,20570,10625,20161,24000,12000,,24431,53150,9000,,5167,,,3020,2985,3474,3468
Vellore,2759,4185,4079,4136,3106,7000,5500,7608,4000,8171,8500,10400,11383,6815,6400,16799,6305,1729,4873,35946,19500,10087,20214,25469,7500,,24431,53150,9000,3518,3973,5413,14629,2970,3300,4438,3529
Ranipet,2759,4098,3464,3868,2871,,,,4000,9792,10003,10113,11502,8000,6400,14875,,2188,4375,34422,19500,,20214,24900,7500,,24431,,9000,3097,3382,,,2970,3300,4438,3529
Tirupathur,2759,4098,3306,3691,2871,9106,9718,10020,3714,8013,10003,10113,11375,7807,6400,14334,6305,1674,4620,34422,19169,10938,20214,25160,7000,,,53150,9000,3074,3331,3038,,2879,2942,4085,3500
Tiruvannamalai,2278,4818,4450,4340,2589,9483,9517,9150,3500,9102,9500,9451,10250,8000,6400,14875,,3034,5256,34422,19454,10713,18591,25726,7000,,24431,53150,9000,3994,3867,3914,,2879,2942,4085,3500
Salem,2863,3570,3254,3944,2685,8914,5600,10053,1480,9020,8957,8807,9044,6422,7098,14751,6350,2263,4564,35000,19733,11239,17579,25344,7356,,24431,55000,9000,4085,4019,3165,,2870,2988,3033,5491
Namakkal,3084,4144,3250,3389,2605,6944,,8076,1480,10367,9413,12417,11458,7560,7941,14154,6350,2078,4761,35000,21844,13461,16500,27575,8914,,24431,53150,9000,3165,3441,4299,,3575,4069,5006,5491
Dharmapuri,2863,5403,3500,3397,2717,7099,6574,6436,2600,10953,9413,8807,9044,5851,7941,14250,6200,2073,4578,,21844,13461,16500,25587,8914,,,53150,9000,3352,3616,2433,15418,2817,3008,3396,3800
Krishnagiri,2765,3862,3475,3999,3176,8802,8440,6436,2600,8454,9413,11425,9044,7497,7941,20392,6200,1663,4771,,18820,9933,22611,23708,8514,,10900,53150,9000,3169,3589,3155,,3017,3115,3308,3800
Coimbatore,3084,3901,3639,4278,3063,6944,7797,8076,2013,10666,9413,10769,10702,7788,6602,22402,7000,2337,5014,35000,18719,14297,19602,22945,8944,52571,10900,55000,9000,4242,3469,4529,17007,3168,3706,3585,3857
Tiruppur,2436,4327,3804,4727,3031,9016,8962,9384,3510,8739,10697,11088,11947,7621,11072,18060,7000,2209,5010,32232,18078,15038,25300,25399,9387,,10900,53150,8300,4307,3836,5227,17183,3240,3372,4397,3857
Erode,2436,5138,4091,4796,3854,8352,9000,8384,3510,9318,10697,11739,12136,7685,7941,21265,9467,2103,4684,35000,16213,13805,14738,19617,9387,,10900,53150,9000,4449,3688,4062,14625,3697,3666,4995,4095
Tiruchirappalli,3084,3662,3500,4130,2984,9160,9540,10385,4073,8591,9413,9814,10690,8321,9286,16848,9467,2326,4923,35233,19680,14706,21386,24466,14000,,10900,53150,9000,3318,3491,3164,,3079,3190,3618,3075
Karur,2436,5099,3500,4731,2706,,,,4073,8903,10697,10055,11815,7834,8537,15444,7438,2087,5010,32232,19680,13777,21386,,14000,,10900,53150,8300,4167,3688,4777,17400,3610,3229,3254,3075
Perambalur,2863,3570,3254,3944,2685,0,5600,,4073,,8957,8807,9044,,11500,20671,8500,2318,4564,35000,19680,13777,21386,,14000,,10900,53150,9000,,3688,,,3510,3229,3254,3075
Ariyalur,2863,3570,3254,3944,2685,,5600,,4073,,8957,8807,9044,,11500,20671,8500,2318,4564,35000,19680,11555,21386,,14000,,10900,53150,9000,3427,3380,4000,,3707,3056,3530,3075
Pudukkottai,2955,4423,3445,4471,2569,6614,9800,9130,4073,,8621,9686,11425,7916,7267,20671,,2345,4365,37191,17603,15133,21386,24466,14000,,10900,53150,8300,4369,4078,,,3727,2600,5182,3015
Thanjavur,2413,4419,3933,4359,2573,8914,9144,10053,3220,9008,8600,9412,7774,9579,9209,14252,,2016,5199,34218,21077,11477,24535,25524,7502,,10900,53150,9000,3296,3106,4806,,3198,3620,4456,3697
Tiruvarur,2465,4400,,,3000,,,,3220,9216,,8823,9818,,14389,15656,,1931,4960,35000,20296,10672,22816,25389,7702,,10900,53150,9000,3448,3666,5113,,3652,4573,5459,3697
Nagapattinam,2265,4300,4300,4000,2573,,,,3220,,8200,9412,7774,,9209,15656,,2733,6009,34218,19292,10565,,,10000,,10900,,9000,,,,,,4573,5459,4233
Mayiladuthurai,2097,4400,4400,4500,3000,,5600,,4500,8583,7300,11625,7774,10500,14389,15656,,2049,5233,35000,21882,,23596,28002,8973,,10900,53150,9000,3568,3651,4153,,4001,4775,4475,4590
Madurai,2494,3543,3500,4266,3060,7581,7732,7454,3008,8258,8850,9701,9404,8559,10691,15610,7766,2347,4833,,16093,12251,18350,18893,11000,,10900,53150,8300,3694,3806,3414,13792,3158,3040,3628,3400
Theni,3175,5128,3445,4471,3565,7418,8613,9387,3986,7263,8888,13294,11425,7916,5550,20671,7766,2313,4365,37191,16583,9248,23567,20081,11000,,10900,53150,8300,3252,3818,3062,14700,3100,3144,2986,2806
Dindigul,3175,3604,3186,3973,2701,7392,7722,7986,3986,8317,8460,9992,11425,7637,5550,20671,6113,2105,4851,30967,16296,14015,21911,24454,11000,,10900,53150,8300,3250,3090,4250,,3200,2429,3521,3564
Ramanathapuram,1982,5500,3939,3950,2625,,8909,9600,3986,,,8351,7831,10286,6511,15712,,1959,4545,,18683,14015,21911,19644,6500,,10900,,8300,4403,3939,4578,17100,4173,3833,4932,3560
Virudhunagar,1982,5715,4072,4035,2600,6574,6700,,3592,9791,10474,10546,10439,10286,6511,24298,7766,2592,4755,31281,18683,14015,23838,18754,6500,,10900,53150,8000,3829,3739,4771,17020,2989,2672,3405,3512
Sivagangai,2540,4423,3445,4471,2569,,9800,,3592,,8621,9686,11425,7916,6511,20671,,2345,4365,37191,19338,,23838,,6975,,10900,,8300,,3739,,,2989,2672,3405,3512
Tirunelveli,2083,4216,3939,3950,2625,6959,8909,9600,3500,8423,,8351,7831,10286,5700,17939,,1525,4545,37157,17092,13386,23005,24759,11000,,10900,53150,8300,3349,3811,4986,12910,3262,2920,3608,3512
Tenkasi,2083,5500,3700,3950,2925,7500,9000,10000,3500,7500,,9500,11300,10500,6511,29000,,2039,4400,36500,16700,12500,23000,21400,11000,,10900,53150,8300,3440,4045,4750,13250,3397,3129,4275,3512
Thoothukudi,1982,3437,5355,4175,2675,6641,,,3500,8730,10500,10000,9908,,5700,29000,7766,2592,4938,37842,17400,12500,23980,25925,12481,,10900,,9000,3695,3673,4166,,2937,2807,3411,2816
The Nilgiris,3084,4384,4152,4340,3308,9069,9594,9938,3500,8397,,13554,12274,8380,7941,21173,,2078,5243,,19195,13808,23699,21309,12481,42091,,53150,9000,4000,5500,,,2900,4000,3500,2816
Kanniyakumari,1982,3370,3550,4116,2842,6494,6090,7311,3642,8856,,10000,,11673,6467,24298,,2371,5975,35904,18683,,22400,26116,12481,,10900,41600,,3512,4288,4386,,3335,3486,4108,2418
