District,Rice_Kar,Rice_Samba,Rice_Navarai,Rice_Combined,Jowar_Kharif,Jowar_Rabi,Jowar_Combined,Bajra_Kharif,Bajra_Rabi,Bajra_Combined,Ragi_Kharif,Ragi_Rabi,Ragi_Combined,Maize_Kharif,Maize_Rabi,Korra,Varagu_Kharif,Varagu_Rabi,Varagu_Combined,Maize_Combined,Samai_Kharif,Samai_Rabi,Samai_Combined,OtherCereals,BengalGram,Redgram_Kharif,Redgram_Rabi,Redgram_Combined,Greengram_Kharif,Greengram_Rabi,Greengram_Combined,Blackgram_Kharif,Blackgram_Rabi,Blackgram_Combined,Horsegram_Kharif,Horsegram_Rabi,Horsegram_Combined,Cowpea_Kharif,Cowpea_Rabi,Cowpea_Combined,OtherPulses_Kharif,OtherPulses_Rabi,OtherPulses_Combined,Sugarcane_t_per_ha,Arecanut,Chillies,Cloves,Garlic,Pepper,Ginger,Turmeric,Coriander,Cardamom,Tamarind,Tapioca,SweetPotato,Potato_Kharif,Potato_Rabi,Potato_Combined,Onion_Kharif,Onion_Rabi,Onion_Combined,Brinjal,LadyFinger,Cabbage,Tomato,Banana,Mango,Lemon,Orange,CashewNut,Jackfruit,Pineapple,Guava,Grapes,Groundnut_Kharif,Groundnut_Rabi,Groundnut_Combined,Gingelly_Kharif,Gingelly_Rabi,Gingelly_Combined,Sunflower_Kharif,Sunflower_Rabi,Sunflower_Combined,Rapeseed_Mustard,Castor,Cotton_Kharif,Cotton_Rabi,Cotton_Combined,Tobacco,Coconut_nuts_per_ha
Chennai,3689,3008,3874,3267,0,0,0,0,0,0,0,0,0,0,0,0,0,0,0,,0,0,0,0,0,0,0,0,0,0,0,0,0,0,0,0,0,0,0,0,0,0,0,0,0,0,0,0,0,0,0,0,0,0,0,0,0,0,0,0,0,0,13225,11366,0,0,39691,5855,6533,0,364,0,0,7076,0,0,0,0,0,414,414,0,0,0,0,0,0,0,0,0,14525
Kancheepuram,4138,2612,4127,3754,0,1147,1147,2652,0,2652,3922,6942,5662,5923,5084,0,0,0,0,5137,0,0,0,1415,0,1015,1026,1019,564,248,271,531,456,487,0,0,0,0,0,0,0,0,0,102,0,528,0,0,0,0,5488,0,0,3741,40259,0,0,0,0,0,0,0,13225,11366,0,19663,39691,1069,6533,0,364,20056,0,7076,0,1979,2166,2095,658,414,507,0,0,0,0,0,0,0,0,0,10700
Chengalpattu,4026,3602,3938,3865,1293,1147,1242,2652,0,2652,3922,6942,4647,5923,5084,0,1323,1415,1400,5544,0,0,0,0,0,0,0,0,564,248,341,531,456,472,0,0,0,604,0,410,585,0,585,68,2066,528,0,0,0,0,5488,0,0,3288,40259,0,0,0,0,10529,7307,9290,13225,11366,0,19663,39691,7559,6533,0,364,2820,41249,7076,0,2799,4414,4255,333,414,379,0,0,0,0,0,282,0,1659,0,14367
Tiruvallur,3994,3124,3932,3562,0,1147,1147,2652,1597,2543,3922,6942,6644,5923,5084,0,0,0,0,5405,0,0,0,0,0,1015,1026,1023,564,897,886,531,456,467,0,710,694,0,0,0,0,0,0,92,2066,1372,0,0,0,46519,5488,444,0,3376,40259,7694,0,0,0,10529,7307,7641,9274,5318,0,19663,39691,2863,6533,3912,364,20056,0,2579,0,1970,4057,3607,487,414,415,0,0,0,0,0,0,0,0,0,14525
Cuddalore,3680,2243,3783,2760,1293,0,1293,3513,1597,3512,3922,6942,4664,1816,5084,470,1264,1264,1264,1954,0,0,0,0,0,1015,1026,1023,564,241,249,531,330,338,0,0,0,604,0,604,0,0,0,95,1721,528,0,0,223,46519,5488,444,0,4314,21338,7984,0,0,0,10529,7307,10049,10753,11366,0,19663,46866,5855,6533,3912,341,16177,41249,3080,0,3784,4111,4059,333,544,481,1935,0,1935,0,312,148,386,1447,0,29243
Villupuram,3534,2978,3406,3135,1293,1147,1227,3031,1597,2948,3922,5103,4416,5923,5084,470,1323,0,1323,5542,0,0,0,0,0,0,0,0,564,248,306,766,835,832,604,0,604,0,0,0,585,585,585,87,0,1648,0,0,184,0,5488,0,0,4095,28875,19336,0,0,0,10529,7307,8065,17910,13937,0,19663,17241,1834,6533,0,597,20056,0,5616,0,2080,3491,2763,487,727,660,0,0,0,0,0,282,386,2099,0,11617
Kallakurichi,4023,3792,3822,3835,0,0,0,2140,1597,2138,3922,6942,6021,7645,8284,470,1535,1535,1535,7885,0,0,0,0,0,0,0,0,0,0,0,531,542,541,0,0,0,0,0,0,0,0,0,108,2829,528,0,0,208,0,3399,444,0,3420,54948,11129,0,0,0,5137,5971,5635,14759,20508,0,19663,39691,5855,6533,0,624,20056,0,7076,0,2596,2383,2503,487,817,778,0,0,0,0,312,221,386,1455,0,14266
Vellore,3689,3008,3185,3267,1717,1147,1710,3045,0,3045,3922,7221,7059,5923,5084,0,0,0,0,5600,1434,0,1434,0,0,992,0,992,418,248,416,769,456,631,0,761,761,345,549,349,0,585,585,90,1141,402,0,0,207,0,5488,0,0,5041,40259,0,0,0,0,10529,7307,7394,9743,5199,0,19663,43800,4000,6533,0,364,20056,0,1177,0,2124,3202,2230,487,414,472,0,0,0,0,312,530,386,3091,0,15491
Ranipet,4085,2855,3826,3650,1293,1147,1291,3645,1597,3581,3922,6942,6076,5923,5084,0,0,0,0,5422,0,0,0,0,0,755,0,755,564,248,420,464,456,460,0,0,0,352,549,392,585,585,585,97,0,683,0,0,0,0,5488,0,0,3775,40259,19336,0,0,0,10529,7307,9455,5913,10767,0,19663,58510,5855,6533,3912,364,20056,0,7076,0,1876,2419,1995,487,414,440,0,0,0,0,0,282,386,1761,0,14469
Tirupathur,3689,4153,3874,3949,1349,1147,1317,3007,1597,2996,3822,7376,5970,5923,5084,470,0,0,0,5838,1136,0,1136,0,0,1050,1050,1050,493,248,474,648,456,617,0,699,699,604,549,599,585,585,585,89,1558,367,0,0,207,46519,5488,464,0,3817,40259,19336,0,0,0,10529,7307,12797,9267,5910,0,21699,24425,2313,6533,0,0,20056,0,969,41573,1570,3202,1617,487,414,484,1935,0,1935,235,312,267,386,1575,0,15036
Tiruvannamalai,3829,3094,4312,3726,1293,0,1293,2459,1597,2430,3922,4261,4226,5923,5084,0,0,0,0,5378,1254,0,1254,0,0,1298,1298,1298,564,248,373,328,803,659,556,556,556,604,712,649,585,0,585,101,1685,1487,0,0,228,0,3609,444,91,4731,45656,14125,0,0,0,10529,7307,7953,10576,10203,71595,19663,23823,3727,6533,0,364,20056,0,7076,0,1811,2233,2006,652,776,759,0,0,0,0,0,135,386,2236,0,15742
Salem,3689,3864,4988,4151,1183,1093,1146,2652,4028,2704,3155,7362,5161,8318,7184,470,1323,1415,1326,8010,1456,1456,1456,1415,926,1020,1020,1020,625,248,573,776,456,636,579,579,579,632,637,633,585,585,585,91,1657,600,959,5712,192,46519,4249,444,82,3403,40615,19336,0,0,0,6835,7820,7273,9760,13178,71595,16393,27023,3191,6533,3912,364,9778,41249,1709,41573,1969,2952,2171,559,849,746,0,0,0,0,312,334,605,2415,1525,10381
Namakkal,3689,3922,3874,3900,929,889,908,2652,1597,2516,3553,6942,3870,5923,6197,470,0,0,0,6042,1285,1456,1328,0,926,1015,1026,1016,679,248,588,531,456,475,604,710,694,604,549,581,585,585,585,131,2473,528,959,5712,192,46519,6713,444,101,3596,34036,19336,0,0,0,10898,11418,11206,14652,11366,71595,19663,42762,14957,6533,3912,364,9940,32036,7076,41573,1998,3322,2175,487,987,883,1935,0,1935,0,312,407,386,2348,0,11053
Dharmapuri,3689,3937,4256,4054,1953,1147,1938,2652,1597,2640,3404,7839,4489,6718,5084,470,1323,0,1323,6264,1328,0,1328,0,926,957,957,957,654,248,642,508,456,498,0,917,917,640,549,634,0,585,585,112,1594,558,0,0,187,0,5839,649,0,2185,29733,38768,0,0,0,11685,7307,10546,18393,12620,71595,21627,39691,3192,6533,3912,0,20056,0,5781,41573,1729,3018,1948,546,0,546,0,0,0,0,312,330,386,1952,0,12650
Krishnagiri,4629,3010,3952,3640,1354,1147,1354,2652,0,2652,4175,6832,4502,7705,5084,0,0,0,0,7490,910,0,910,1415,0,1145,,1145,564,248,540,531,456,508,798,798,798,625,549,619,0,585,585,100,1347,0,0,0,191,0,4486,0,0,3368,40259,19336,0,31941,31941,10529,7307,7722,10990,6586,75257,22518,39691,4633,6533,3912,364,20056,0,7076,14928,2104,2681,2164,770,414,769,1935,0,1935,235,312,259,0,1526,0,13870
Coimbatore,3689,3008,3874,3469,1005,984,992,2652,1404,2427,3922,6942,6661,5923,5084,0,0,0,0,5288,0,0,0,0,926,1015,1026,1019,564,248,364,531,456,469,730,730,730,400,369,380,585,585,585,101,1581,528,0,0,211,39275,8321,444,82,5061,51359,0,17979,0,17979,19126,7307,17140,13225,22078,71595,19226,39037,2992,6533,3912,364,20056,0,7076,9235,2546,3202,2646,487,414,474,0,902,902,0,312,282,386,1809,1525,12940
Tiruppur,3689,4497,3874,4361,579,580,580,2652,1597,1928,3922,6942,6942,8896,7953,470,0,0,0,8059,0,0,0,0,926,1015,1026,1025,564,584,583,531,456,461,341,341,341,604,260,270,585,585,585,108,1132,786,0,0,165,0,5488,464,0,5029,61324,19336,0,0,0,12028,13543,12797,13225,11366,71595,17616,22906,2956,6533,3912,364,20056,0,7076,41573,1887,3173,2209,487,414,416,1935,0,1935,0,312,282,611,3145,1525,13522
Erode,3689,4070,3874,4018,1293,0,1293,2652,1597,2274,3798,6942,3801,7780,9672,0,1323,0,1323,8244,1285,0,1285,0,926,1302,1302,1302,564,248,545,531,456,510,604,710,697,604,549,597,585,585,585,113,2041,528,0,5782,215,72500,7037,0,82,5007,45575,19336,26461,27187,26515,6225,7307,8270,13225,13540,43823,19663,38015,5855,6533,3912,364,20056,0,7076,41573,1779,2924,1946,487,922,880,1935,0,1935,0,312,282,386,2137,1525,12291
Tiruchirappalli,4298,3753,3968,3829,1051,2373,1569,2652,1597,2367,3922,6942,6045,5657,5084,470,1323,1415,1373,5534,0,0,0,1415,926,742,742,742,564,248,251,531,833,804,604,710,707,604,549,562,585,585,585,92,3552,502,0,0,206,0,5488,444,0,2628,33114,19336,0,0,0,9766,10593,9299,13225,11366,0,19663,36604,15924,16500,3912,868,20056,41249,18756,41573,2310,3014,2561,487,909,889,2036,902,1984,0,312,254,386,1641,0,14259
Karur,3689,3688,3874,3702,1657,1425,1477,2652,993,1582,3922,6942,5264,5923,5084,0,0,0,0,5358,0,0,0,0,0,445,445,445,564,248,251,531,456,464,575,575,575,604,549,550,585,585,585,106,1022,415,0,0,0,0,5488,0,0,2633,51563,16192,0,0,0,3470,7307,5272,13225,11366,0,19663,48735,5855,6533,3912,364,20056,0,7076,0,1970,3192,2847,506,414,480,1930,1601,1732,0,312,282,386,2060,1525,4902
Perambalur,3689,3981,3874,3950,1293,1147,1279,2652,1597,2432,3922,6942,3922,5643,5084,0,1654,1654,1654,5588,0,0,0,1415,0,1658,1658,1658,0,0,0,531,456,491,0,0,0,604,0,604,0,0,585,90,2307,528,0,0,0,0,5163,444,0,2641,34219,19336,0,0,0,9828,7265,8211,13225,11366,71595,19663,39691,5855,27861,3912,364,20056,0,7076,41573,1970,3066,2643,487,414,422,0,902,902,0,312,333,386,1960,0,10157
Ariyalur,3696,3485,3874,3538,1293,1147,1193,1994,1597,1989,3922,6942,5390,4231,5084,0,1898,1898,1898,4718,0,0,0,0,0,1015,1026,1018,564,248,307,531,614,611,0,0,0,604,0,564,585,585,585,81,1951,528,0,0,0,0,5488,444,0,2645,40259,19336,0,0,0,10529,7307,8880,13225,11366,71595,19663,39691,5855,6533,3912,421,4754,0,7076,0,2681,4167,3683,700,414,489,0,0,0,0,312,304,386,1897,0,13780
Pudukkottai,3142,3299,3423,3294,1293,1147,1170,2652,1597,2387,3922,6942,5225,5923,5084,470,1323,0,1323,5629,0,0,0,1415,926,1040,1040,1040,564,248,485,531,456,475,604,710,684,604,549,583,0,0,0,107,1907,528,0,5839,199,0,5488,0,0,2645,41125,35495,0,0,0,10529,7307,8370,13225,11366,0,19663,56161,5855,9791,3912,253,42007,41249,7076,41573,2300,3609,2987,487,316,369,0,902,902,0,312,282,386,2189,0,13737
Thanjavur,3271,3069,3583,3176,1293,1147,1188,2652,0,2652,3922,6942,6631,5923,5084,0,0,0,0,5546,0,0,0,0,926,1015,1026,1017,564,398,419,642,522,547,0,0,0,0,0,0,0,0,0,81,1437,528,971,5839,205,46519,5488,444,0,2543,54781,0,0,0,0,10529,7307,9696,13225,11366,0,19663,43497,5855,6533,3912,237,20056,0,7076,41573,1970,3410,3237,362,380,376,0,0,0,0,0,282,386,2206,0,8305
Tiruvarur,3182,3092,3780,3153,0,0,0,0,0,0,0,0,0,0,5084,0,0,0,0,5084,0,0,0,0,0,0,0,0,564,175,175,531,271,316,0,0,0,0,0,0,0,0,0,101,1152,528,0,0,220,0,5488,0,0,2562,40259,19336,0,0,0,0,0,0,13225,11366,0,0,39691,5855,6533,0,364,20056,41249,7076,0,1970,4312,4009,487,59,68,0,0,0,0,0,282,450,2648,0,15409
Nagapattinam,2955,2567,3874,2611,0,0,0,0,0,0,3922,6942,6855,5923,0,0,0,0,0,5923,0,0,0,0,0,0,0,0,564,171,171,531,291,292,0,0,0,0,0,0,0,0,0,108,0,528,0,0,0,0,0,0,0,2559,40259,0,0,0,0,0,0,0,13225,11366,0,0,39691,2967,6533,0,260,20056,0,7076,0,0,3202,3202,487,414,414,0,0,0,0,0,0,448,2637,1525,11269
Mayiladuthurai,3729,2706,3874,3077,0,0,0,2652,0,2652,3922,6942,6942,5923,5084,0,0,0,0,5703,0,0,0,0,0,0,0,0,0,228,228,531,180,180,0,0,0,0,0,0,0,0,0,100,1033,528,0,0,0,0,5488,0,0,2804,40259,0,0,0,0,0,0,0,13225,11366,0,0,39691,5855,6533,3912,651,20056,0,7076,0,1970,4228,4166,487,414,422,0,0,0,0,0,282,432,2532,0,12618
Madurai,3689,3318,3083,3286,1426,1772,1533,2088,2768,2274,3922,6942,5498,4469,5084,470,1370,1370,1370,4692,0,0,0,1415,926,449,449,449,110,248,124,531,456,513,604,710,671,215,214,214,585,585,585,101,1141,1529,0,0,0,46519,5488,444,0,3036,40259,28613,0,0,0,10529,7307,8752,13225,5960,71595,19663,59332,27392,9765,3912,364,20056,41249,13014,41573,1536,3202,2508,487,414,454,1935,902,1328,235,312,176,245,1182,0,12583
Theni,4719,4050,3874,4289,2896,4852,4479,2652,2611,2615,3922,6942,6298,5923,5084,0,0,0,0,5336,0,1456,1456,1415,0,954,954,954,794,440,591,531,456,473,604,710,701,410,612,557,585,585,585,82,1080,528,778,0,285,0,5488,444,91,2977,40259,19336,0,0,0,8850,9525,9133,18453,11366,71595,12745,77968,6374,1933,3912,209,20056,0,8869,47270,2768,3202,3036,593,414,481,1935,0,1935,235,312,786,774,4566,0,16181
Dindigul,3689,3237,3546,3408,866,784,791,2652,699,1435,3922,6942,3922,5923,6722,0,1323,1415,1376,6618,0,1456,1456,1415,926,1015,1026,1019,564,625,621,531,717,710,574,574,574,389,612,552,585,585,585,71,1562,1569,959,6022,328,46519,5488,444,97,3033,40259,19336,12447,23559,16032,8681,8904,8818,21018,7278,71595,7057,13666,3078,1787,4191,364,12408,41249,9084,16130,1763,3532,3011,487,414,464,1935,1110,1146,0,312,282,622,3519,1525,13384
Ramanathapuram,0,1966,3874,1966,1293,921,925,0,1264,1264,3922,6942,6942,5923,5084,470,0,1415,1415,5104,0,1456,1456,1415,0,0,0,0,0,248,248,,380,380,0,710,710,0,549,549,0,585,585,102,0,285,0,0,0,0,5488,184,0,3237,40259,19336,0,0,0,0,7307,7307,13225,11366,0,19663,39691,5855,6533,0,364,20056,0,7076,41573,0,1543,1543,0,310,310,0,653,653,0,312,282,270,1586,0,7147
Virudhunagar,3689,2653,3108,2789,2019,1683,1737,2652,2185,2190,3922,6942,6845,4857,4344,470,1323,1415,1411,4349,0,0,0,1415,926,1015,1026,1021,239,349,315,531,456,465,0,710,710,604,549,554,585,585,585,96,1377,772,874,0,0,0,5488,543,87,3123,40259,19336,0,0,0,10529,5432,6161,13225,11366,71595,19663,32726,6069,2100,3912,364,20056,0,4369,41573,1463,1624,1586,289,399,373,1935,1088,1088,0,312,205,318,1769,0,9634
Sivagangai,3689,2858,3874,2892,1293,1147,1218,2652,1597,2263,3922,6942,5895,5923,5084,0,1323,1415,1409,5348,0,0,0,1415,0,1015,1026,1024,564,248,564,531,456,472,0,710,710,604,549,575,585,585,585,88,1141,321,0,0,0,46519,5488,444,0,3153,40259,19336,0,0,0,10529,7307,8296,13225,11366,0,19663,31310,4892,6533,3912,10,20056,0,3705,0,1222,3202,2014,487,414,427,0,0,0,0,312,282,386,2208,0,16370
Tirunelveli,4106,4249,3705,4068,1293,1147,1279,2652,1597,1922,3922,6942,6557,5923,5084,0,0,0,0,5108,0,0,0,1415,0,1015,1026,1021,564,248,257,531,122,194,0,0,0,604,549,554,585,0,585,100,881,528,959,0,209,46519,5488,0,93,2523,40259,24063,0,0,0,10529,7307,9873,13225,11366,0,19663,32655,3828,6795,3912,25,20056,41249,7590,41573,1970,3202,2713,487,414,454,1935,0,1935,0,312,282,386,1797,0,5559
Tenkasi,3508,3954,3396,3684,1293,1382,1293,2652,1469,2604,3922,6942,5083,5923,4547,0,0,0,0,4646,0,0,0,1415,0,0,0,0,564,125,129,531,293,299,0,0,0,604,549,564,585,0,585,72,356,528,959,0,217,46519,5488,444,92,2874,40259,19336,0,0,0,17859,7307,17084,13225,11366,71595,19663,30353,23674,7002,3912,152,20056,0,5804,41573,1970,3202,2119,295,414,334,1632,794,1485,0,312,282,197,1347,0,16351
Thoothukudi,3689,3764,3596,3619,1293,1878,1877,2652,1394,1396,3922,6942,6942,5923,2579,470,0,0,0,2580,0,0,0,1415,0,1015,1026,1026,564,228,229,531,311,317,0,0,0,0,549,549,585,585,585,101,0,503,0,0,0,0,5488,550,0,2551,40259,19336,0,0,0,10529,1809,1842,13225,11366,0,19663,44758,5855,2897,3912,364,20056,41249,6663,41573,1970,3202,2886,487,414,452,1935,614,636,0,312,282,155,963,0,6317
The Nilgiris,0,3008,0,3008,0,1147,1147,0,0,0,0,0,0,5923,5084,0,0,0,0,5554,0,0,0,0,0,0,0,0,0,0,0,0,0,0,0,0,0,0,0,0,0,0,0,0,1369,528,944,5604,186,34987,5488,0,92,0,40259,19336,23498,28032,25268,10529,0,8314,13225,11366,69654,19663,39691,5855,6533,135,0,20056,0,7076,0,0,3202,2135,0,0,0,0,0,0,0,0,0,0,0,0,6451
Kanniyakumari,3993,3677,3874,3835,0,0,0,0,0,0,3922,6942,6942,5923,5084,0,0,0,0,5415,0,0,0,0,0,0,0,0,0,248,214,531,456,485,0,0,0,0,0,0,0,0,0,0,641,0,904,0,169,46519,0,0,77,2271,30178,0,0,0,0,0,0,0,13225,11366,0,19663,28288,2471,6533,3912,136,34388,61087,7076,0,1970,3202,2249,487,414,480,0,0,0,0,0,0,0,0,0,7451
